Node Name,Score,Label
BAD,0.9957455,1
PSMC4,0.97178763,3
BCL2,0.99913776,1
PAK2,0.9174452,3
E2F1,0.9996532,1
PSMB6,0.9654336,3
CASP3,0.9999331,1
ADD1,0.7184418,3
MAPK1,1.0,1
DAPK3,0.6089954,3
CDH1,0.99984896,1
ADRM1,0.96464247,3
TJP2,0.6122459,3
PSMD3,0.9613365,3
AKT2,0.99999917,1
FADD,0.7770983,3
BID,0.6863252,3
LMNA,0.9999995,1
UNC5A,0.7739982,3
DCC,0.99664754,2
FAS,0.9961448,1
RPS27A,0.99873537,2
TP53,0.9999999,1
PSMA1,0.9480765,3
CTNNB1,0.99999714,1
TP53BP2,0.6763457,3
DFFA,0.6183857,3
CDKN2A,0.9983872,1
APC,0.9960756,1
FNTA,0.7334334,3
PSMC1,0.9778446,3
MPL,0.9838309,1
IFNA7,0.6409471,3
PRKCB,0.99999213,1
VAV1,0.99991107,2
TGFB1,0.99997497,1
MMRN1,0.6309233,3
EGF,0.99970764,1
BSG,0.68335736,3
SDC4,0.9999962,1
PRKACG,0.94065964,3
TIMP1,0.99718213,1
CEACAM8,0.6303238,3
SH2B3,0.9760993,1
P2RX2,0.72360754,3
ABL1,0.9999515,1
PTPN11,0.99999905,2
RAD51B,0.9933588,1
ACTN4,0.6577665,3
PLCG1,0.99999917,1
PRKAR2B,0.7556468,3
SRC,1.0,1
KCNMB1,0.9854419,3
HRAS,0.9999981,1
GNB1,0.9769961,3
PRKAR1A,0.99990547,1
SHC1,0.9328992,3
PRKCD,0.784052,3
BBC3,0.6237538,3
CYCS,0.7877946,3
GZMB,0.6170719,3
UACA,0.8188867,3
YWHAQ,0.74764293,3
FGF8,0.99718946,1
FGFR1,0.99945956,1
FGFR2,0.9905586,1
FGFR3,0.9888967,1
FGFR4,0.9869213,1
FLT3,0.9706312,1
KL,0.9970945,1
TRIB3,0.79792106,3
KLB,0.87125826,3
PIK3C3,0.7317944,3
FGF4,0.88416564,3
TLR9,0.70404,3
FRS2,0.87714124,3
POLD1,0.9999863,1
UBC,0.99951446,2
RFC1,0.8476027,3
RFC5,0.8834144,3
RPA1,0.8813447,3
RFC3,0.9039518,3
RPA2,0.87216914,3
TRIM25,0.6193537,3
UBA52,0.99972075,2
MAD2L2,0.64126766,3
RCHY1,0.640326,3
POLE3,0.71137124,3
PARG,0.6380593,3
PARP1,0.9807293,1
POLD4,0.85200375,3
APIP,0.86295456,3
MAPK3,0.990991,2
GAS2,0.62932646,3
MAPT,0.70678234,3
DSP,0.8639574,3
DSG2,0.700693,3
DBNL,0.6129073,3
SPTAN1,0.85888326,3
PKP1,0.71759033,3
GNG5,0.9221494,3
GNAL,0.8909463,3
ADCY8,0.9040504,3
PRKX,0.68367887,3
CREB1,0.9999987,1
PRKCG,0.8057369,3
GNG11,0.8818907,3
ADCY3,0.87143964,3
ADCY6,0.8943859,3
ADCY7,0.88780653,3
ADCY9,0.8789225,3
PRKAR2A,0.7743493,3
PDE1A,0.8258745,3
CAMK4,0.68919,3
CAMK2G,0.8946142,3
PDE1C,0.63868123,3
CAMK2A,0.83299214,3
PDE1B,0.8184434,3
ITPR2,0.81033856,3
GNAI1,0.87838286,3
GNA14,0.80174047,3
PANX1,0.77978796,3
GJC1,0.81156385,3
SLC22A1,0.9404555,3
STXBP1,0.9003301,3
GAD1,0.9108682,3
UNC13B,0.6586782,3
GAD2,0.86436564,3
ARL6IP5,0.8000665,3
SNAP25,0.70274734,3
SLC18A2,0.833378,3
SYN1,0.66835463,3
SLC32A1,0.7502426,3
PPFIA2,0.77045596,3
SLC18A3,0.70777136,3
LIN7C,0.65809846,3
SYN3,0.7949926,3
GLS,0.69579643,3
NAAA,0.6819354,3
ALDH2,0.98388886,1
COMT,0.99688405,2
SLC6A4,0.8199204,3
ACHE,0.68992114,3
GLUL,0.791319,3
SLC1A2,0.80045384,3
SLC38A1,0.79991853,3
RAC1,0.9999999,1
TUBB2A,0.95006204,3
KRAS,0.99999976,1
TUBB3,0.9668738,3
GABRA4,0.6193692,3
CHRND,0.7828993,3
MDM2,0.9997696,1
AKAP5,0.70043945,3
PICK1,0.78445524,3
GRIP1,0.7800073,3
RASGRF1,0.5954391,3
GRIA4,0.8059194,3
AP2A2,0.86630994,3
GRIA3,0.7767859,3
PRKAB2,0.6630669,3
KCNJ3,0.72521484,3
GNB3,0.9718589,3
ERBB4,0.99775106,1
GRIN2A,0.99924845,1
GRIN3A,0.64113235,3
AP2M1,0.9397004,3
ARHGEF9,0.66773564,3
ARHGEF7,0.63621724,3
GRIK3,0.7673568,3
KCNJ5,0.9999813,1
KIF17,0.63510114,3
CACNA1B,0.62439644,3
SLC17A7,0.6419818,3
DLG1,0.8717111,3
GABRB1,0.6813282,3
GRIK2,0.8197471,3
GIT1,0.65916765,3
NSF,0.8473644,3
HTR3E,0.6426422,3
PRKAB1,0.6416413,3
TUBB4B,0.83189195,3
CHRNG,0.79584503,3
KCNJ9,0.9622638,3
KCNK17,0.8209978,3
GRIN2B,0.86848974,3
KCNA3,0.6019986,3
PPFIBP1,0.9965215,1
CHRNA7,0.67857623,3
PIK3R2,0.88486874,3
FGF10,0.812384,3
FGF22,0.8653477,3
FGF5,0.8573646,3
FGF9,0.8986156,3
FGF6,0.8227922,3
IL6R,0.6023924,3
MAP2K2,0.99443674,2
TYK2,0.74288523,3
POLA1,0.8419648,3
POLA2,0.8455723,3
PPP2CA,0.9696079,3
PRIM1,0.86500674,3
MCM8,0.82848144,3
ORC4,0.86988,3
ORC6,0.81945646,3
YWHAZ,0.69057775,3
YWHAH,0.7549331,3
DAGLB,0.9621931,3
MGLL,0.95974064,3
ABHD6,0.9425675,3
DGKZ,0.6504905,3
PRKCE,0.6619995,3
TRPC7,0.7707194,0
DGKI,0.64446956,3
DGKA,0.6291492,3
RASGRP2,0.7150237,3
PRKCH,0.64116126,3
TRPC6,0.8452233,3
TRPC3,0.89813656,3
RASGRP1,0.6415205,3
REL,0.9032263,1
PSMD14,0.9736104,3
RELA,0.9021885,3
CARD11,0.9909456,1
PSMD6,0.96395266,3
SKP1,0.92497975,3
NFATC2,0.98495644,1
PSMD11,0.96008915,3
PPP3CA,0.63924366,3
IKBKB,0.999995,1
PSMA7,0.9821989,3
PSMA2,0.97737586,3
PSMD13,0.9836997,3
ARIH1,0.6305081,3
ISG15,0.69712293,3
FANCE,0.81927,1
TARBP2,0.6016003,3
NUP98,1.0,1
PIN1,0.9871071,1
ADAR,0.7982355,3
IRF3,0.89262456,3
NUP62,0.7850121,3
UBE2L6,0.6664028,3
FAAP100,0.6385214,3
NUP50,0.77500814,3
POM121,0.8084183,3
SNCA,0.64484096,3
FANCA,0.7023978,1
TUBA3E,0.914021,3
EIF2S3,0.6856155,3
TPR,0.99999964,1
ACVR1B,0.9251161,1
ACVR1C,0.8500219,3
ACVR2A,0.9460269,3
ACVR2B,0.8294113,3
LEFTY1,0.7832352,3
TDGF1,0.7879872,3
FOXO3,0.9817182,1
DRAP1,0.74792975,3
FURIN,0.9170385,3
HVCN1,0.7976138,3
ZP4,0.8327524,3
ADAM2,0.86110103,3
ZP2,0.83266425,3
ZP3,0.8614277,3
CD9,0.8318991,3
IZUMO1,0.8117159,3
ADAM30,0.760337,3
CATSPER2,0.81523526,3
ACR,0.85569775,3
USP8,0.9444058,3
EGFR,0.9997762,2
HSP90AA1,1.0,1
ERBB2,0.9885825,1
ERBB3,0.93755245,3
NRG2,0.82768255,3
MATK,0.6733043,3
PTK6,0.9884338,1
NRG4,0.678567,3
GRB7,0.6261275,3
CREBBP,1.0,1
EPO,0.6382351,3
EP300,1.0,1
PSMC6,0.96795547,3
CITED2,0.6488167,3
PSMD8,0.9624333,3
AJUBA,0.59926116,3
EGLN2,0.6042503,3
WTIP,0.6372264,3
TAB2,0.80545235,3
ESR1,0.9951887,1
STAT5A,0.7281352,3
NCSTN,0.7932993,3
SPARC,0.61220396,3
YAP1,0.6511598,3
CXCL12,0.9982888,1
PSEN1,0.9151992,3
CALR,0.9999651,1
PSMB4,0.96761715,3
HLA-B,0.60515213,3
B2M,0.9989318,1
ITGAV,0.99993896,1
HLA-C,0.61892706,3
CTSS,0.6360964,3
MRC1,0.6626982,3
HLA-A,0.99989796,1
TAPBP,0.6143545,3
TLR2,0.8258541,3
PSMA5,0.9807037,3
ITGB5,0.6126764,3
FGG,0.69926643,3
HLA-E,0.65686524,3
HLA-G,0.60413855,3
PSMB10,0.64386755,3
PSME2,0.60770345,3
MYD88,0.9993717,1
LNPEP,0.6509084,3
SEC61B,0.6286274,3
TAP1,0.6317533,3
S100A9,0.6005132,3
SEC61A2,0.6864348,3
TLR1,0.8521802,3
TSC2,0.9995389,1
PPARG,0.99711406,1
EZH2,0.99949384,1
CDKN1A,0.9999224,2
CD80,0.60442513,3
PML,0.99335116,1
PDGFB,0.99257976,1
RPTOR,0.6305494,3
RCOR1,0.71985173,3
JUN,0.9998648,1
FOXO1,0.98732764,1
HDAC3,0.91265976,3
HGF,0.9973449,1
PSMB7,0.9523825,3
PPP2R5B,0.8210774,3
GATAD2B,0.8427657,3
TRIM27,0.8150297,1
PIK3AP1,0.6881726,3
SGK1,0.9999876,1
RING1,0.6029377,3
PIK3R6,0.6293926,3
CNOT3,0.9995491,1
TFAP2B,0.63786316,3
IRX1,0.669811,3
POLR2E,0.99999976,1
CACNA1D,0.99984574,1
ENAH,0.6333736,3
PAX3,0.9392658,3
TBL1XR1,0.99991465,1
TNFSF11,0.6288693,3
ID1,0.9035687,1
KRT9,0.7285701,3
ZEB1,0.9981516,1
ARPC5,0.62829894,3
NCOR2,0.99992895,1
PAX6,0.7585372,3
PRDM16,0.98045886,1
ANK1,0.99933136,1
NOG,0.6404665,3
MSN,0.99971277,1
SQSTM1,0.7896318,3
IL18,0.9841208,1
MAPKAPK3,0.80571365,3
UBE2M,0.67751175,3
IL1R2,0.656561,3
SYK,0.9997086,1
IL10RA,0.66697496,3
IL13RA2,0.6758804,3
PIANP,0.65143174,3
CLTC,0.99999905,1
RACGAP1,0.6354722,3
PLCG2,0.72410816,3
PDCD1LG2,0.8148419,1
HLA-DRB1,0.6751231,3
KLRF1,0.63259506,3
UBA5,0.6578413,3
RNF213,0.90692234,1
UBE2D1,0.96202576,3
KLC1,0.663591,3
COL2A1,0.999974,1
SIGLEC11,0.6333744,3
TRPC1,0.80022997,3
GNG8,0.9149896,3
KCNJ12,0.74691695,3
KCNJ2,0.82716537,3
KCNJ4,0.83475167,3
ABCC8,0.7815757,3
ABCC9,0.64895916,3
KCNJ8,0.7199849,3
KCNMB4,0.8345628,3
KCNN1,0.6234459,3
KCNN4,0.62304384,3
HCN2,0.6234449,3
KCNA1,0.6220912,3
KCNA10,0.62283486,3
KCNA4,0.6233548,3
KCNA6,0.6232827,3
KCNAB2,0.623222,3
KCNAB3,0.62331,3
KCNC2,0.62101513,3
KCNC3,0.62302864,3
KCNC4,0.62313616,3
KCNG4,0.6230859,3
KCNH2,0.620983,3
KCNQ2,0.5956537,3
KCNQ3,0.6229695,3
KCNQ4,0.7605296,3
KCNV1,0.6231022,3
KCNK1,0.841461,3
KCNK18,0.81776685,3
KCNK9,0.8318703,3
GLRX5,0.6730549,3
FDX2,0.9672512,3
NFS1,0.66868603,3
FDX1,0.9667904,3
FXN,0.6746025,3
SLC25A28,0.67283964,3
ISCU,0.6926792,3
LYRM4,0.6846494,3
MAOB,0.8298585,3
CFLAR,0.79270506,3
TNFRSF10A,0.65209043,3
TNFSF10,0.8874871,3
TRADD,0.81786746,3
TRAF2,0.81757665,3
TICAM2,0.7102892,0
CD14,0.78430724,3
SERPINE2,0.9022494,0
F11,0.7622471,3
SERPINC1,0.7869038,3
F13B,0.7430004,3
GP9,0.7696991,3
F5,0.9575608,3
KNG1,0.73308676,3
GP5,0.75400466,3
TFPI,0.72759193,3
FGA,0.7315432,3
F13A1,0.8506785,3
F7,0.9125714,3
SERPIND1,0.6666926,0
PF4V1,0.74574083,3
GP1BB,0.7022217,3
BUB1B,0.9998982,1
ANAPC1,0.78777367,3
ANAPC10,0.85153306,3
ANAPC15,0.8097479,3
ANAPC16,0.83857477,3
BUB3,0.85712045,3
CDC16,0.87026995,3
CDC23,0.8381429,3
CDC26,0.8080292,3
MAD2L1,0.7820889,3
UBE2C,0.78336823,3
SGO1,0.67138666,3
AURKB,0.9999397,1
CDCA8,0.6199066,3
CLIP1,0.9990989,1
PMF1,0.6195863,3
PPP2R5C,0.74327075,3
KIF18A,0.62380505,3
NUP37,0.7898907,3
BUB1,0.6751993,3
DYNC1LI1,0.6648693,3
RPS27,0.6778861,3
DYNC1LI2,0.6074856,3
ZW10,0.6107979,3
RCC2,0.64106023,3
NUF2,0.6098371,3
CKAP5,0.6992828,3
PLK1,0.86788964,3
SPC25,0.6309443,3
B9D2,0.6669736,3
SDHB,0.9995964,1
LETM1,0.73997694,3
NDUFS1,0.6747565,3
OGDH,0.9479543,3
DMAC2L,0.6749626,3
NCOA1,0.9999975,1
NDC1,0.7466016,3
PIK3C2A,0.60658604,3
TYMS,0.98115206,1
INPPL1,0.6511222,3
SRD5A2,0.9797932,1
SUCLG2,0.68679845,3
SPR,0.5962473,3
GAL3ST1,0.770268,3
EXT1,0.99860126,1
GPHN,0.9997805,2
HYAL2,0.9634627,1
PCCA,0.86302793,3
GPC5,0.9999989,1
CLOCK,0.63410574,3
KDSR,0.9988814,1
PTGES2,0.66055965,3
CYP1A2,0.9980241,1
ARSB,0.8841943,3
TXNRD1,0.617977,3
NDUFS4,0.65559006,3
COX15,0.72534305,3
CKB,0.9933258,1
COQ8A,0.7159534,3
FABP2,0.7926504,3
SIN3A,0.67220485,3
LBR,0.663245,3
CYP11A1,0.7328972,3
NCOA3,0.99714845,1
PC,0.6251913,3
KERA,0.71716756,3
FES,0.9348655,1
CBL,0.9998932,1
SH2B2,0.7363799,3
STAT5B,0.99128425,1
SOCS6,0.6594941,3
LCK,0.998393,2
TEC,0.95983064,1
FYN,0.9474989,3
MMP9,0.9998822,1
DEFA3,0.71362215,0
CCR2,0.8896658,0
DEFB1,0.8763231,3
DEFB121,0.7422194,3
DEFA1,0.885629,0
PRSS2,0.8898183,3
ART1,0.8013578,3
DEFB112,0.7973362,0
PRDM1,0.9075146,1
STAG3,0.646048,3
POT1,0.9982882,1
SYNE1,0.6735045,3
CDK4,0.9985328,1
ATM,0.9999943,2
CXCR4,0.99994016,1
RAD51,0.9880492,1
PRDM9,0.6225894,3
RAD21,0.9976675,1
SMC1A,0.99868673,1
REC8,0.60867685,3
TOP3A,0.7515209,3
NANOG,0.7129007,3
PDPN,0.6774042,3
FIGNL1,0.74811643,3
NBN,0.9984465,2
CD44,0.9994978,1
COL4A1,0.7278373,3
ELN,0.99873465,1
MMP7,0.9955407,2
COL4A6,0.7803423,3
COL12A1,0.6141857,3
ELANE,0.9190292,3
ADAM9,0.6224053,3
TPSAB1,0.6240832,3
COL9A2,0.6662831,3
MMP20,0.625009,3
COL23A1,0.64254826,3
CTRB2,0.65298444,3
CMA1,0.6106147,3
CTSD,0.68137467,3
COL4A3,0.7992234,3
CTSG,0.67229545,3
COL1A2,0.8228234,3
COL6A3,0.6108936,3
COL16A1,0.6020569,3
MMP15,0.63440317,3
MMP14,0.965098,1
CTSV,0.6580711,3
COL8A1,0.629735,3
ADAM15,0.64368427,3
DMD,0.6127194,3
EMILIN1,0.6759378,3
PRSS1,0.77950346,3
LOXL3,0.62912554,3
COLGALT2,0.6210374,3
COL5A1,0.7410399,3
ITGA6,0.6517182,3
THBS1,0.99911386,1
PTPRS,0.65723175,3
FBLN2,0.9852367,1
ITGAX,0.6421879,3
ITGA3,0.61811745,3
ITGA2,0.6003855,3
MMP8,0.6335232,3
ACTA2,0.634392,3
BMP1,0.85450387,3
COL20A1,0.61084265,3
P3H2,0.6310721,3
PCOLCE,0.6325408,3
CTSB,0.6282538,3
COL7A1,0.59820926,3
PXDN,0.63808113,3
COL9A3,0.5955535,3
COL10A1,0.5959513,3
HBA1,0.85325104,3
RHAG,0.81820995,3
SLC4A1,0.78029585,3
CA4,0.78445375,3
AQP1,0.84875405,3
CYB5R1,0.8275729,0
IP6K1,0.68222284,3
IPPK,0.6799642,3
ITPK1,0.6455412,3
NUDT11,0.6382305,3
PPIP5K2,0.63967896,3
IMPA2,0.6437057,3
INPP5B,0.643725,3
INPP5J,0.6458735,3
MTMR7,0.64407843,3
OCRL,0.62502134,3
SYNJ1,0.67732346,3
IP6K2,0.64637846,3
INPP5D,0.6247123,3
ITPKC,0.68064666,3
PLCB4,0.60898465,3
PLCD1,0.64099693,3
PLCD3,0.67773205,3
PLCD4,0.6752394,3
PLCZ1,0.6408237,3
MINPP1,0.6448727,3
H2AFX,0.98406893,3
DIDO1,0.6663526,3
RAD50,0.8320848,3
BLM,0.9990054,2
SYCP1,0.6577635,3
CDH5,0.62116987,3
ARID1A,0.99583507,1
PXN,0.8400672,3
CDH17,0.9597134,1
AMOT,0.6967607,3
KLF4,0.99941754,1
CTBP1,0.61741036,3
VCL,0.6635924,3
NPHS1,0.6196771,3
EPS15,0.99036366,1
KIRREL3,0.67420226,3
IQGAP1,0.61491954,3
CDH11,0.9956748,1
CSNK2B,0.76736903,3
CDH13,0.9349895,1
MPP5,0.67737556,3
CLDN10,0.61735797,3
NECTIN2,0.67720515,3
CLDN3,0.6587763,3
CTNND1,0.9865698,1
PRKCSH,0.7288006,3
ZMYM2,0.8925163,1
CDH10,0.8694853,1
ZBTB33,0.68379754,3
FST,0.86256397,3
FSTL3,0.8747494,3
INHBA,0.8886018,3
INHA,0.80808055,3
MAX,0.9870645,1
RBL1,0.64722157,3
E2F4,0.69471765,3
LIN37,0.66616285,3
LIN9,0.67191625,3
RBL2,0.63707215,3
GGCT,0.93766624,3
UGT3A2,0.67009044,3
GSTM2,0.6426414,3
GSTM1,0.7157977,3
TPST2,0.8170733,3
SULT2A1,0.7675989,3
ABHD10,0.68030006,3
GSTT2,0.65458095,3
UXS1,0.8731789,3
UGP2,0.95681965,3
UGT1A6,0.6923825,3
SULT1E1,0.7532821,3
GSS,0.84587085,3
SLC35B3,0.9153806,0
SLC26A2,0.8920948,3
SULT2B1,0.75297374,3
SLC26A11,0.8845481,3
PAPSS2,0.88659346,3
ABHD14B,0.7529513,0
PODXL2,0.7540305,3
SULT1C2,0.7604326,3
UGT2B7,0.69161,3
GGT7,0.8773107,3
GSTO2,0.7114265,3
GSTK1,0.72641397,3
AKR1A1,0.71394926,3
GSTA1,0.7243895,3
FBLN5,0.62955695,3
BMP4,0.64007384,3
ITGB8,0.6125137,3
MFAP2,0.63130283,3
LTBP3,0.6507016,3
LTBP1,0.6313763,3
BMP10,0.6085111,3
BMP7,0.6512632,3
FBN3,0.61227626,3
BMP2,0.63714087,3
TACC3,0.62211204,3
FLT4,0.9622002,1
SEL1L,0.78333586,3
ST3GAL4,0.97555715,3
SIRT6,0.69117683,3
DNER,0.5979202,3
ARRB2,0.76414293,3
RAB6A,0.6222373,3
IKZF1,0.8682018,1
CNTN1,0.64030784,3
HDAC7,0.6398075,3
DLL4,0.76398766,3
WRN,0.9978126,1
TERF1,0.7992793,3
POLR2J,0.8300416,3
DSCC1,0.6159156,3
DAXX,0.96972734,1
RTEL1,0.61750394,3
PPP6C,0.99974424,1
POLR2F,0.82012546,3
TEN1,0.61686265,3
CHTF18,0.59682584,3
GAR1,0.6381727,3
POLR2H,0.899708,3
GJB4,0.65107554,3
TUBB8,0.9142418,3
GJC2,0.6944129,3
GJB1,0.69810116,3
GJB2,0.8664728,3
GJA3,0.629723,3
TUBB6,0.9447407,3
CLTB,0.7305162,3
GJA1,0.95024174,3
GJD3,0.6633955,3
NT5C2,0.99680316,1
AGXT2,0.73946905,3
DHODH,0.8326,3
UCK1,0.8410181,3
ENTPD3,0.65200025,3
AMPD1,0.75861365,3
ATIC,0.97423947,1
ENTPD7,0.6555389,3
NUDT16,0.89726925,3
AK8,0.65097964,3
NUDT5,0.90125,3
ENTPD4,0.6769172,3
DGUOK,0.8339656,3
CDA,0.84165686,3
CTPS2,0.65638846,3
ADSSL1,0.8429243,3
DCTPP1,0.65927964,3
AK2,0.6551758,3
PNP,0.80318815,3
SOD2,0.9982753,1
ATP5PB,0.64424366,3
GABPA,0.6450788,3
CRTC3,0.9911986,1
MICOS13,0.61857074,3
ATP5PO,0.6419428,3
TBL1X,0.7906434,3
ACSS2,0.63496625,3
MICOS10,0.6528601,3
CRTC1,0.9021047,1
PPARA,0.659361,3
SIRT3,0.6616468,3
ATP5PD,0.6052938,3
ATP5F1B,0.6208476,3
HSPA9,0.6520571,3
MED1,0.69112146,3
GLUD1,0.63547903,3
DNAJC11,0.60930055,3
NR1D1,0.6900132,3
CARM1,0.810973,3
ATP5F1A,0.6545886,3
MEF2C,0.74380535,3
GABPB1,0.64098364,3
CHD9,0.6998661,3
MEF2D,0.6030776,3
PPRC1,0.60533255,3
TFB1M,0.8210509,3
SEC13,0.85218835,3
EIF4E,0.6613061,3
NUP155,0.79677045,3
NCBP2,0.8273749,3
NUP210,0.76444525,3
NXF1,0.60726655,3
NUP205,0.7964762,3
CPSF1,0.6761631,3
NUP107,0.68932045,3
BGLAP,0.8516601,3
PROZ,0.8951711,3
RIPK3,0.87327516,3
TICAM1,0.88351667,3
SLC25A10,0.8764562,3
CTH,0.8742519,3
TXN2,0.7909983,3
CDO1,0.72846854,3
FMO1,0.8521306,3
BHMT2,0.6980002,3
ADI1,0.8431222,3
BHMT,0.816834,3
GOT1,0.7613358,3
PPP3CB,0.65926075,3
TGIF2,0.6848164,3
RASA1,0.6309768,3
RGS1,0.6537795,3
WASF1,0.63833153,3
GRM4,0.82268745,3
NLK,0.6359913,3
RHOT1,0.8053288,3
SH3GL1,0.9749972,1
TGFBR1,0.6225589,3
MYB,0.99143267,1
MAP3K11,0.64972836,3
NTRK1,0.99341255,1
AAMP,0.6385616,3
MSI2,0.95761853,1
OPTN,0.877647,3
TPM4,0.98041224,1
GLP1R,0.6360819,3
BCL9,0.8484581,1
MAP2K5,0.69060594,3
CCR7,0.9996244,1
TFF1,0.7328451,1
CCR4,0.9995839,1
GPR84,0.6344603,3
GAS1,0.7184173,3
CSGALNACT1,0.6136945,3
EXT2,0.99854076,2
GPC3,0.99999464,1
GPC2,0.66077125,3
B4GALT2,0.8164766,3
GPC6,0.74135697,3
LUM,0.83006245,3
CHST3,0.7116564,3
BCAN,0.67201185,3
HSPG2,0.6948238,3
GLB1L,0.780088,3
DSE,0.8941847,3
GNS,0.69749874,3
CHP1,0.85886663,3
HYAL3,0.87731224,3
B4GALT4,0.8479386,3
EXTL3,0.6548737,3
DCN,0.6237252,3
CHST13,0.64588416,3
NDST2,0.63163745,3
CHST14,0.7115368,3
CHPF,0.64761436,3
GLB1L2,0.9068035,3
CHST6,0.7442792,3
PLAUR,0.9931055,1
DPM3,0.708939,3
PIGF,0.85186565,3
PIGG,0.9353306,3
PIGL,0.75148576,3
PIGN,0.7706517,3
PIGP,0.7033434,3
PIGV,0.70355,3
PIGX,0.6760814,3
PIGY,0.7832197,3
PIGS,0.7809607,3
PIGU,0.7042279,3
ALPI,0.87904596,3
FCGR3B,0.75065404,3
LY6H,0.7936972,3
CEACAM7,0.7285902,0
CNTN5,0.7297719,3
CNTN4,0.72840387,3
NRN1L,0.79849726,0
CD109,0.7006451,3
CFTR,0.62578046,3
MFN2,0.76902735,3
UBE2D2,0.7406551,3
HDAC6,0.6124148,3
UBE2V1,0.86460215,3
PCNT,0.6161899,3
UBE2D3,0.83713937,3
VDAC2,0.6386404,3
TUBAL3,0.9510125,3
TOMM70,0.69173294,3
ACACA,0.615863,3
ADIPOR2,0.63509095,3
ADRA2C,0.76565576,3
B4GALT5,0.89566034,3
ST3GAL6,0.9565216,3
OGN,0.78310364,0
ST3GAL3,0.95569456,3
GALNS,0.7529445,3
ST3GAL2,0.95140755,0
B3GNT7,0.8019662,3
GPC4,0.66590685,3
HS3ST3B1,0.6237686,3
AGRN,0.8477646,3
B3GALT6,0.6805669,3
VCAN,0.70890844,3
SDC2,0.80682623,3
B4GALT7,0.6238986,3
HS6ST2,0.6226305,3
FAM20B,0.6454923,3
B3GAT1,0.60701305,3
GPC1,0.66459286,3
EXTL2,0.63195735,3
B3GAT3,0.63183844,3
DPH3,0.7382623,3
KDM8,0.8021349,3
STS,0.72780526,3
ICMT,0.7814941,3
DHPS,0.78794366,3
ARSA,0.8253904,3
SUMF2,0.8393486,3
ZC3H15,0.69239455,3
JMJD6,0.79872555,3
RPL8,0.68982685,3
DRG1,0.68713844,3
CCND2,0.96165526,1
SPDL1,0.6312662,3
NIPBL,0.76472443,3
CHMP2B,0.63663065,3
MYBL2,0.63316673,3
HAUS5,0.6291182,3
CCND3,0.9713345,1
CEP72,0.61792564,3
BARD1,0.9929663,1
HCK,0.83869123,3
AP1G1,0.61935306,3
PACS1,0.619198,3
DOCK2,0.5994771,3
COL26A1,0.6312098,3
COL6A1,0.59926075,3
EIF4EBP1,0.6126749,3
MLST8,0.77390397,3
EIF4G1,0.6358461,3
STRADB,0.61069214,3
SLC38A9,0.6473235,3
LAMTOR3,0.63130987,3
RPS6,0.5969705,3
CAB39L,0.6567444,3
RRAGB,0.6560013,3
RPS6KB1,0.6547552,3
MTF1,0.833579,3
HMGCS1,0.59919757,3
NCOA6,0.69327176,3
TM7SF2,0.7078166,3
LSS,0.6199773,3
MVD,0.8479337,3
GPAM,0.8044882,3
GGPS1,0.7562787,3
SCD,0.6770802,3
HELZ2,0.65528005,3
SREBF2,0.7876303,3
FDPS,0.6920791,3
DHCR7,0.9616559,3
IRAK2,0.7575151,3
MAPKAPK2,0.8340551,3
MAP3K8,0.6562116,3
DUSP7,0.8467419,3
MAP2K4,0.9989285,1
ATF2,0.65055966,3
TNIP2,0.6596134,3
USP18,0.69078964,3
TAB1,0.7313198,3
APP,0.7974878,3
ATF1,0.99916255,1
TAB3,0.70376104,3
VRK3,0.7607288,3
NOD1,0.6463672,3
MAP2K6,0.8411723,3
TRAF6,0.9118991,3
NLRC5,0.68250436,3
ELK1,0.7006836,3
A4GALT,0.8114579,3
NEU4,0.87699383,3
NEU2,0.8812168,3
SMPD1,0.71882945,3
UGT8,0.7252544,3
RPS6KA1,0.8473006,3
UCP2,0.81218064,3
SLC25A14,0.8102363,3
UCP1,0.82734925,3
SLC25A4,0.85618466,3
ARC,0.6589898,3
TPH1,0.7885801,3
JUNB,0.59177375,3
RAPGEF1,0.8122475,3
RAP1A,0.6893465,3
CDK5R1,0.647901,3
RPS6KA5,0.7529082,3
DUSP4,0.86811024,3
ADCYAP1R1,0.74550873,3
MAPK13,0.76766074,3
RALB,0.620439,3
MAPK7,0.8793218,3
CRP,0.998879,1
CD55,0.63488114,3
C6,0.6489556,3
C9,0.6512025,3
CFHR2,0.64943886,3
CFB,0.6885593,3
C5,0.6497016,3
C8B,0.6511746,3
C8A,0.6489362,3
C1S,0.77193594,3
IGHG1,0.8016786,3
C3,0.7738931,3
C4BPB,0.64920866,3
C1QA,0.85869,3
C2,0.64894456,3
C7,0.6490261,3
FCN3,0.918128,3
FCN2,0.8377305,3
MBL2,0.9006902,3
IGHG2,0.80113226,3
CFD,0.7529535,3
MAPK12,0.75921434,3
RALA,0.76404333,3
IRF5,0.6372496,3
PELI3,0.6420542,3
TANK,0.8840226,3
NOD2,0.7106348,3
SIGIRR,0.61680645,3
IRAK3,0.67870677,3
STOM,0.6505758,3
CYLD,0.9782598,1
MUC7,0.742309,3
PYCARD,0.9914163,2
ABI1,0.96771014,1
P2RX1,0.77583593,3
IFNA5,0.62137103,3
ATP6V0A1,0.73716676,3
RAB27A,0.6802878,3
PTPN2,0.66538155,3
TRIM32,0.69122577,3
SMARCA4,0.998869,1
KLHL41,0.62012005,3
PLA2G6,0.6260644,3
CYFIP1,0.61239785,3
IL10,0.8255379,1
PAFAH1B2,0.9994584,1
GHR,0.62801564,3
IL17A,0.8396867,1
CD19,0.65576506,3
IL1RL1,0.64563096,3
GAA,0.844023,3
CAP1,0.6338272,3
TNFAIP3,0.9955675,1
CASP2,0.62734604,3
NLRP1,0.6668999,3
P2RX7,0.7746412,3
NLRC4,0.6321374,3
SFTPD,0.65643424,3
IFIH1,0.6569222,3
UBE2K,0.6213427,3
IFNB1,0.6212798,3
IFNA2,0.59702957,3
RNF135,0.64836687,3
CASP10,0.59308666,3
ATG12,0.6948931,3
NEDD4L,0.6840706,3
SNW1,0.6609227,3
F11R,0.6297644,3
SMURF1,0.80691296,3
SKI,0.86611414,1
SKIL,0.62650126,3
MEN1,0.99183214,1
PMEPA1,0.6234183,3
MTMR4,0.65410036,3
AURKA,0.9995505,1
SKP2,0.9996929,1
NPC2,0.6322945,3
VLDLR,0.6889299,3
APOC1,0.87812465,3
APOF,0.7203458,3
APOC4,0.87812537,3
GPIHBP1,0.81483006,3
ANGPTL4,0.7932706,3
MTTP,0.8218582,3
APOA1,0.92897767,3
CES3,0.7061276,3
MYLIP,0.6365333,3
MBTPS1,0.7429467,3
APOA2,0.8740995,3
ANGPTL3,0.8072659,3
APOB,0.9486772,3
SCARB1,0.6339905,3
FBXO5,0.7187248,3
PTTG1,0.67678523,3
STAM,0.6359181,3
PTPN12,0.65548265,3
STAM2,0.6262543,3
CDC42,0.7977583,3
SHQ1,0.6004426,3
PIF1,0.62399304,3
TIRAP,0.6793395,3
STAT6,0.92452836,1
XRCC6,0.9493712,1
DDX41,0.79725856,3
NLRC3,0.79694396,3
TREX1,0.9194492,3
TRIM56,0.6827663,3
CNTRL,0.999405,1
MTERF1,0.7842491,3
SMO,0.99999094,1
TFAM,0.78746176,3
RP2,0.64249855,3
UNC119B,0.71071625,3
WDR19,0.6569352,3
CEP70,0.59377813,3
CEP76,0.63685817,3
EXOC5,0.6311906,3
B9D1,0.599202,3
CCT2,0.79906875,3
ATP5MC3,0.66994435,3
IFT172,0.64171004,3
RAB11FIP3,0.68454814,3
NR5A2,0.6358072,3
ONECUT3,0.6125548,3
RBPJ,0.8129957,3
HNF1A,0.86950046,1
RFX6,0.6500817,3
ONECUT1,0.62629557,3
HNF4G,0.63480514,3
PTF1A,0.6671739,3
NKX2-2,0.63343227,3
BCAR1,0.65172124,3
PDGFRB,0.8056395,1
STAT1,0.8576938,3
NTRK2,0.87243927,3
SRF,0.83044636,3
VGF,0.6816946,3
RIT1,0.6169263,3
SLCO1B1,0.89413375,3
SLCO2B1,0.8308522,3
UROS,0.7657189,3
COX10,0.8340649,3
HMBS,0.71179825,3
BLVRB,0.8354713,3
PPOX,0.8352433,3
POLR2G,0.8025475,3
GIPC1,0.64874196,3
MKNK1,0.7482708,3
GAB1,0.7460886,3
FGF18,0.8488535,3
FRS3,0.74978983,3
POLR2I,0.82701176,3
GTF2F2,0.67859113,3
ACTG1,0.8877928,3
AGO1,0.95830584,3
TNRC6A,0.9500492,3
NOTCH4,0.67684865,3
POFUT1,0.63574797,3
DHCR24,0.96084136,3
ACAT2,0.65494615,3
NSDHL,0.89583766,3
MVK,0.66939735,3
CYP27A1,0.65902215,3
CYP39A1,0.65895206,3
AKR1D1,0.610341,3
ACOT8,0.8694058,3
BAAT,0.64163876,3
CYP8B1,0.90901315,3
NGFR,0.83598536,3
ARHGDIA,0.81011736,3
RTN4R,0.81235135,3
OMG,0.80240506,3
RTN4,0.8011543,3
FGD1,0.66084355,3
PSENEN,0.87441784,3
ARHGEF10L,0.9960601,1
ITSN1,0.66434205,3
ARHGEF12,0.9945532,1
ARHGEF4,0.64831823,3
FGD2,0.61076504,3
GNA13,0.62064093,3
KALRN,0.63361937,3
AKAP13,0.62575287,3
ARHGEF15,0.625184,3
SLC51A,0.6413249,3
SLC51B,0.6411906,3
VAV3,0.7510612,3
JUP,0.8693103,3
DOCK1,0.65796626,3
BAIAP2,0.61588204,3
AXL,0.61765033,3
NRP1,0.66144943,3
FLT1,0.74509746,3
VEGFB,0.75523806,3
MYH9,0.9999101,1
ARHGEF40,0.6133632,3
ARHGDIG,0.6526845,3
ARHGEF25,0.59239835,3
TPM3,0.9381827,3
ARHGAP27,0.6648809,3
C1QBP,0.6768999,3
BCR,0.7659289,1
CCT7,0.87215036,3
ABI2,0.65822184,3
PLEKHG2,0.59794647,3
DOCK6,0.6419337,3
CYFIP2,0.6649246,3
LRRC1,0.6421042,3
ARPC2,0.6502219,3
VANGL1,0.6705986,3
AMIGO2,0.61098874,3
RALGAPA1,0.6205999,3
ARHGAP15,0.6714683,3
AR,0.98738366,1
RHPN2,0.63115233,3
ARHGDIB,0.6525859,3
CHN2,0.64296156,3
ARAP1,0.65725046,3
MYH11,0.99904615,1
PKP4,0.8167019,3
PICALM,0.998401,1
SCRIB,0.63151795,3
GEMIN8,0.62989634,3
NUP85,0.75899756,3
DDX20,0.630029,3
NUP188,0.7049625,3
GEMIN5,0.61931896,3
NUP58,0.7460332,3
NUP43,0.78868425,3
SNRPB,0.8023568,3
SNRPD1,0.60880744,3
CLNS1A,0.619362,3
SNRPD2,0.64932054,3
SNRPF,0.74260837,3
TLE1,0.6103254,3
LEF1,0.99804485,1
TLE2,0.6339548,3
FRAT1,0.6637596,3
TCF7L1,0.8141247,3
KLK3,0.91048944,1
NF2,0.70183825,1
CENPK,0.6066914,3
SRGAP2,0.61420023,3
GOPC,0.9283304,1
PRC1,0.65007937,3
EVL,0.6736602,3
ARPC4,0.7028594,3
MYH10,0.65340966,3
PPP1R12B,0.6198147,3
WIPF3,0.65149844,3
WIF1,0.6851838,3
SOX2,0.9874133,1
FZD8,0.63318735,3
PRKG2,0.7760759,3
FZD4,0.66253304,3
CSNK1G2,0.6286474,3
RNF43,0.86241657,1
VPS26A,0.64832765,3
WNT3A,0.6326586,3
PDE6A,0.89634615,3
CYP19A1,0.9948572,1
CGA,0.95502055,3
HSD11B1,0.6219502,3
HSD17B2,0.6708525,3
HSD17B12,0.8216714,3
STARD3NL,0.6706113,3
HSD11B2,0.671261,3
SRD5A3,0.83856964,3
AKR1B1,0.8390355,3
ABCD4,0.8764825,3
LMBRD1,0.73915017,3
LRP2,0.7363695,3
MTHFR,0.9994684,1
CYB5A,0.653846,3
PARP14,0.6637755,3
MTHFD2,0.65991706,3
NADSYN1,0.5993833,3
PANK1,0.8854327,3
NAXE,0.66396123,3
NMNAT1,0.66374844,3
AOX1,0.64831644,3
FPGS,0.6408419,3
SLC5A8,0.6899126,3
PNPO,0.6339523,3
CD38,0.65274996,3
PPCDC,0.8935602,3
NUDT12,0.63434255,3
SLC19A3,0.66442233,3
FLAD1,0.63428986,3
PDXK,0.6643491,3
NAMPT,0.6290953,3
VKORC1,0.594513,3
DHFR2,0.63388497,3
ENPP3,0.70095825,3
QPRT,0.6334587,3
LRP8,0.61155105,3
NADK2,0.62265766,3
MCCC1,0.6693202,3
APOC2,0.8382163,3
LPL,0.7667362,3
COQ6,0.5900759,3
COQ9,0.674109,3
BST1,0.62749916,3
MCCC2,0.6492774,3
HDAC8,0.6497915,3
ITCH,0.7401896,3
ARRB1,0.79855055,3
SH3GL3,0.6245708,3
FOSL1,0.72159016,3
CDK5R2,0.64792275,3
NAB1,0.60790193,3
SLC25A16,0.7324269,3
PPCS,0.90232664,3
PANK4,0.73313123,3
SLC5A6,0.8043355,3
FLT3LG,0.669423,3
IL33,0.6566162,3
PIP5K1C,0.6265954,3
IER3,0.65560144,3
SEC24C,0.6086653,3
NAPG,0.64088285,3
COPG1,0.6360974,3
SEC23IP,0.62634915,3
CNIH2,0.6162113,3
KDELR1,0.6414386,3
DCTN5,0.6386587,3
TFRC,0.9999881,1
COPB1,0.67805654,3
POLG,0.99387944,1
PREB,0.63040286,3
RAB14,0.6743915,3
RHOBTB3,0.6229746,3
SNAPIN,0.6561233,3
RAB9A,0.62981427,3
RAB33A,0.65538776,3
COPB2,0.64928913,3
ARF4,0.6582568,3
ALPP,0.650429,3
DCTN6,0.6374254,3
SNAP91,0.68951774,3
SYS1,0.65844595,3
CAPZA3,0.6084485,3
TPD52L1,0.62378955,3
CLVS2,0.6230238,3
ACBD3,0.59993786,3
TGOLN2,0.62075937,3
AP4B1,0.6172033,3
CTSZ,0.61213595,3
CLVS1,0.6258954,3
PUM1,0.5929458,3
NECAP1,0.6054876,3
AP1G2,0.62682045,3
HIP1R,0.6237398,3
SH3D19,0.62544805,3
IGF2R,0.6285438,3
CHMP2A,0.61103404,3
AP3S1,0.6233215,3
MYCN,0.96431565,1
CD274,0.8868257,1
HDAC2,0.8176724,3
IL2RG,0.7522862,3
JAK3,0.9589574,1
SOX7,0.74118733,3
LGR5,0.7401002,3
TRRAP,0.9417251,1
ASH2L,0.6939541,3
PYGO2,0.66060024,3
SOX4,0.65645784,3
LRP5,0.6582991,3
BCL9L,0.7467561,1
FZD2,0.6697814,3
TCF7,0.8663605,3
DDAH1,0.62763494,3
WASL,0.65149075,3
ZDHHC21,0.62612015,3
TLL2,0.61378014,3
HLA-DQB1,0.68522334,3
HLA-DRB3,0.6457711,3
HLA-DPB1,0.6685335,3
ITK,0.8081627,1
CD101,0.71054524,3
CD3D,0.6722548,3
ANGPT4,0.6151294,3
SLC7A7,0.70172036,3
CD74,0.92942625,1
ATP1B3,0.6289469,3
ATP1B2,0.71325845,3
SLC7A9,0.6312435,3
PPIL2,0.6309405,3
ACTR3,0.6302426,3
MYO5A,0.9600372,1
CFL1,0.7062535,3
FCGR3A,0.6085985,3
MYO1C,0.75362176,3
MYO10,0.6499501,3
ACAA1,0.9442997,3
ABCD1,0.967285,3
ELOVL5,0.8194653,3
ELOVL1,0.8780068,3
ELOVL3,0.8579163,3
ELOVL2,0.786657,3
ARHGEF17,0.6161283,3
PREX1,0.61755073,3
ARHGEF2,0.62560475,3
AATF,0.6553607,3
TRIO,0.61764085,3
DIO2,0.8932888,3
PNMT,0.8031036,3
TH,0.75754,3
DUOX1,0.72647125,3
TPO,0.8321795,3
INHBC,0.77318954,3
FOXA3,0.6296645,3
HNF4A,0.70356995,3
FOXA2,0.6712273,3
IAPP,0.63994354,3
ANG,0.6040544,3
TSN,0.63192236,3
DROSHA,0.9293929,1
PIWIL2,0.62042576,3
PLD6,0.62164444,3
DGCR8,0.9679892,1
PIWIL1,0.6240722,3
TDRD1,0.6831709,3
ELAC2,0.71367013,3
CYP2A6,0.8673463,3
CYP26A1,0.7793682,3
ESD,0.6575763,3
ALDH1A1,0.9164017,3
GSTM4,0.8297285,3
AS3MT,0.66269755,3
CYP4A22,0.6479865,3
ADH1B,0.76035076,1
CYP2C19,0.8268611,3
CYP2B6,0.7790434,3
CYP2J2,0.7909012,3
CYP4F22,0.63693035,3
PTGIS,0.6551505,3
AHRR,0.78948504,3
CYP2A13,0.830425,3
CYP2C18,0.7190495,3
ATF7IP,0.6508933,3
ERCC2,0.99999416,1
BAZ1B,0.6356718,3
NCOA4,0.8370421,3
KMT2A,0.9677796,1
SAP130,0.66007495,3
SETD1B,0.9054274,1
ZNF547,0.6780019,3
DPF1,0.6544454,3
DDX21,0.6474778,3
MED27,0.6686995,3
SS18,0.9451442,1
MTA3,0.7026182,3
SMARCC2,0.605087,3
POLR1A,0.59980565,3
ZNF816,0.65835387,3
MED31,0.6278711,3
SMARCE1,0.98087907,3
SS18L1,0.960272,1
ZNF30,0.66596663,3
MED12,0.9699138,1
PSIP1,0.68953204,1
SMARCA5,0.7136961,3
KMT5A,0.63166517,3
ATAD2,0.69891435,3
ITGA4,0.65420896,3
CNOT11,0.64846605,3
CRH,0.6790531,3
GTF2H3,0.7691414,3
MNAT1,0.7674533,3
RET,0.9571766,1
CSNK2A2,0.892467,3
ZFHX3,0.6798998,1
IL2,0.97707486,3
TRIAP1,0.6050497,3
PAX5,0.6599836,1
MEAF6,0.69416153,3
MGA,0.7110265,3
BRIP1,0.9865958,1
SP7,0.62782353,3
E2F6,0.6356099,3
KCTD6,0.62067455,3
LIFR,0.9373042,1
GTF2H2,0.71325296,3
PTGES,0.66077524,3
PTGR1,0.6606046,3
ALOX15,0.8275021,3
GPX4,0.85095316,3
HPGD,0.802957,3
CEMIP,0.7649392,3
STAB2,0.77582693,3
HAS3,0.74085146,3
HAS2,0.70225596,3
HAS1,0.7254886,3
ABCB1,0.99515164,1
SLC22A3,0.8834373,3
PCK1,0.8446301,3
TYROBP,0.63470966,3
TREM2,0.5942312,3
KLRD1,0.68446916,3
GRAP2,0.64619726,3
KLRC2,0.6224104,3
CD36,0.8654,3
HP,0.6269043,3
FTL,0.6307436,3
APOL1,0.62734747,3
SCARA5,0.62729454,3
ZFYVE9,0.6081263,3
UCHL5,0.62525773,3
PPP1R15A,0.629479,3
USP9X,0.6246418,3
YBX1,0.8347354,3
RLBP1,0.59412193,3
GUCA1B,0.7421813,3
BCO1,0.6153893,3
CNGB1,0.928691,3
GRK7,0.84873,3
GRK4,0.7995583,3
CAMKMT,0.802516,3
GUCY2D,0.70535225,3
SLC24A1,0.8429002,3
RPE65,0.59594953,3
RBP4,0.6374091,3
RGS9,0.7551411,3
APOM,0.6011768,3
PNLIP,0.8393636,3
OPN1LW,0.62387544,3
RHO,0.8556537,3
RDH10,0.746811,3
ABCA4,0.6335176,3
GNAT1,0.78068113,3
GRK1,0.77181524,3
METAP2,0.7869135,3
LRAT,0.59648794,3
DHRS9,0.73201275,3
METAP1,0.65900284,3
PTGES3,0.6083206,3
STOML2,0.84296715,3
ARFGAP1,0.63098997,3
CREB3L2,0.7466572,1
CXCL8,0.6733081,3
TNFRSF21,0.72369635,3
NFE2L2,0.971203,1
PIK3R4,0.64185077,3
IGF2,0.6210728,3
TXK,0.6677455,3
FCER1G,0.60869986,3
LAT2,0.6607456,3
SIRT2,0.6112627,3
PDS5A,0.8194493,3
CENPI,0.6430667,3
ZWINT,0.6606098,3
KIF2A,0.73114717,3
ERCC6L,0.6688105,3
CLASP2,0.6330332,3
CDCA5,0.634464,3
CENPP,0.7482232,3
EHMT2,0.6145024,3
ERF,0.6843616,3
CDKN2D,0.64766556,3
MDM4,0.98504364,1
CABIN1,0.6520506,3
CBX6,0.6843965,3
UBN1,0.62267613,3
EP400,0.62275153,3
ASF1A,0.6214924,3
MCOLN2,0.6795723,3
MCOLN3,0.65253603,3
TRPA1,0.6505839,3
TRPC4AP,0.67711514,3
TRPM2,0.70216835,3
TRPM3,0.6105612,3
TRPM6,0.60096914,3
TRPM7,0.66132694,3
TRPM8,0.6990538,3
TRPV2,0.6959196,3
TRPV6,0.8556208,3
WNK2,0.9997631,1
CASQ2,0.67435634,3
WNK3,0.6761028,3
CLCA1,0.7901265,3
CLCA4,0.66428405,3
WWP1,0.7705373,3
TPCN2,0.7364725,3
CLCN2,0.81574976,3
EPHA7,0.6687271,1
ARPC1B,0.6406049,3
EFNA1,0.6456699,3
EFNA4,0.6638982,3
EFNA3,0.6512805,3
MYL12A,0.6315842,3
GRIN1,0.7564947,3
EPHA8,0.6269031,3
ARPC3,0.6421064,3
ENPEP,0.6202694,3
MME,0.997042,1
DPP4,0.65298754,3
GRP,0.9991179,1
FFAR1,0.81605947,3
ACE,0.609101,3
ERO1B,0.60043156,3
UCN,0.63788235,3
SEC11A,0.65330476,3
GPR119,0.61443347,3
GHRL,0.6645552,3
EXOC3,0.6181575,3
EXOC6,0.6722401,3
NEK9,0.6323885,3
NEK6,0.6259272,3
XPC,0.9829213,1
SUMO2,0.8434647,3
MBD1,0.64390886,3
NSMCE3,0.66574174,3
PHC2,0.6624668,3
HIPK2,0.67548394,3
NR3C1,0.77037346,3
IST1,0.6210933,3
CHMP6,0.6385671,3
VRK2,0.63218033,3
CHMP4A,0.63398564,3
CHMP4B,0.633263,3
SPAST,0.6324514,3
ANKLE2,0.6037149,3
CC2D1B,0.60317254,3
SGCE,0.6442075,3
SGCZ,0.6043013,3
LAMA2,0.6500491,3
ACTA1,0.61420834,3
SGCD,0.60579413,3
LAMA1,0.6730035,3
PIAS4,0.6620521,3
CBX8,0.6218486,3
TP53BP1,0.6590451,3
RARA,0.9983138,1
RORA,0.6119744,3
TFAP2A,0.67659396,3
NOP58,0.6406457,3
SUMO1,0.9138657,3
SAE1,0.78575885,0
SENP5,0.83382004,3
SENP1,0.8338656,3
KAT6B,0.79857874,3
ATXN7,0.64060885,3
AEBP2,0.7382002,3
SETD2,0.72813314,1
ELP5,0.6992054,3
MBD3,0.83871245,3
SUV39H2,0.68091154,3
MORF4L2,0.66612023,3
KDM3A,0.96423066,1
ARID4A,0.691701,3
KAT7,0.7455965,1
SUDS3,0.6955327,3
CHD3,0.7735776,3
JADE2,0.67391074,3
ELP4,0.6614454,3
ING4,0.6477314,3
HSPA1L,0.6256194,3
HSPA1B,0.6173636,3
DNAJB6,0.64266616,3
BAG4,0.6318926,3
HSF1,0.6794486,3
BAG5,0.59472847,3
GML,0.59368896,3
HSPA4L,0.65971196,3
HSBP1,0.5936227,3
HSPA1A,0.66846794,3
AZIN1,0.7824631,3
AZIN2,0.78084624,3
APBB1IP,0.6244834,3
ITGA2B,0.7200427,3
RAP1B,0.75406194,3
TLN1,0.745304,3
RAPGEF3,0.61841875,0
COX6B1,0.6460448,3
MSH2,0.8566298,1
COX6B2,0.6289555,3
TCEA1,0.98770136,1
RRAGD,0.7089048,3
SUPT5H,0.64594644,3
CDK13,0.63553905,3
BCL6,0.9542391,1
RGCC,0.63928527,3
ELL,0.98179793,1
RHNO1,0.71037453,3
TAF9,0.60190475,3
IGFBP3,0.9030615,1
ARID3A,0.6529912,3
COX5A,0.65214056,3
TXN,0.6507126,3
RAD17,0.982522,1
SESN1,0.7252595,3
POU4F2,0.6253278,3
CNOT6,0.6258555,3
P2RY12,0.73407346,3
VIP,0.654606,3
EDN1,0.9979747,1
LTB4R2,0.7946173,3
ACKR3,0.99978405,1
CALCA,0.62779254,3
HTR2A,0.68852836,3
LTB4R,0.8683036,3
VIPR2,0.6344365,3
PPBP,0.62798667,3
F2RL3,0.6148914,3
CHRM4,0.8313614,3
F2RL2,0.65571696,3
OXER1,0.7722814,3
CXCL1,0.6609229,3
TSHR,0.995152,2
RAMP1,0.61622643,3
INSL3,0.6458056,3
TAS2R5,0.7568536,3
GHRH,0.64319503,3
ADORA1,0.83250123,3
HRH4,0.7467316,3
NPY1R,0.64522135,3
HCRT,0.63172597,3
PTGER4,0.83896536,3
EDNRA,0.63551575,3
P2RY14,0.8155839,3
HTR1B,0.70039845,3
RGR,0.62969726,3
PLPPR2,0.6928707,3
EDN3,0.6464021,3
KEL,0.6466018,3
NPB,0.60510975,3
CCL19,0.6459044,3
NPY,0.6298217,3
BDKRB1,0.62962383,3
ACKR1,0.63460857,3
ADRA2B,0.7555571,3
NPY2R,0.6166435,3
TAC3,0.61986244,3
PTGDR2,0.8368464,3
PLPPR3,0.6455152,3
CCKBR,0.62156916,3
OPRL1,0.6352836,3
NPBWR1,0.6269054,3
PDYN,0.63619655,3
MC5R,0.6355145,3
ADM,0.63033456,3
RAMP2,0.6293806,3
PTCH1,0.9982256,1
GHRHR,0.65925187,3
CALCR,0.6139069,3
SCTR,0.6310537,3
NTN1,0.6749389,3
EZR,0.9993175,1
UNC5C,0.5839275,3
ABLIM3,0.6089218,3
ABLIM1,0.6194598,3
PLXND1,0.6549593,3
PLXNA2,0.62926877,3
SEMA4D,0.67602503,3
SEMA3E,0.64122874,3
DPYSL4,0.63723844,3
PLXNC1,0.6679044,3
RRAS,0.67272884,3
SCN8A,0.6370763,3
L1CAM,0.67312837,3
SCN2A,0.8748198,3
RPS6KA4,0.62465733,3
SPTBN5,0.65937394,3
KIF4A,0.6646717,3
ITGA10,0.69027084,3
CACNA1S,0.6671184,3
GFRA2,0.601695,3
CACNB2,0.59969705,3
CACNA1I,0.62489593,3
GFRA4,0.5951012,3
CACNA1G,0.60965025,3
XCL1,0.65434057,3
NPFF,0.6261137,3
TACR3,0.6358102,3
FPR1,0.63494927,3
CCL23,0.6381177,3
CXCL3,0.63597435,3
QRFPR,0.63050103,3
CCR5,0.62616825,3
CXCL2,0.6451309,3
CX3CR1,0.61840594,3
CXCL6,0.63053715,3
CCL13,0.6593133,3
TAC1,0.63530123,3
RXFP3,0.7074515,3
CCL16,0.63538486,3
HCRTR1,0.63688314,3
CCR10,0.63542366,3
ANXA1,0.6394128,3
CCL7,0.63695073,3
CXCR3,0.60687417,3
HCRTR2,0.6344842,3
CCL25,0.61128974,3
CCL22,0.646066,3
TACR1,0.6259974,3
ADRB1,0.68895215,3
DRD2,0.86438817,3
HTR4,0.8661276,3
HTR1D,0.8547314,3
HTR1A,0.7417109,3
ADRA2A,0.7063587,3
HTR1E,0.809222,3
CHRM1,0.79220307,3
CHRM2,0.7019596,3
DRD3,0.8087514,3
TAAR9,0.6910494,0
RPL3,0.65072286,3
DAG1,0.60787165,3
ROBO1,0.65089846,3
RPL31,0.66230434,3
LHX9,0.66230315,3
SLIT1,0.65533596,3
RPS11,0.6453379,3
RPL32,0.61793107,3
NARS2,0.8608531,3
IARS2,0.77767926,3
PPA1,0.86059713,0
VARS2,0.83805275,0
EEF1E1,0.82215685,3
SARS2,0.7838867,3
WARS2,0.79090387,3
YARS2,0.8516718,3
AIMP1,0.8583901,3
AIMP2,0.7566608,3
CEP135,0.62316877,3
ALMS1,0.60490185,3
CEP131,0.60291964,3
CEP41,0.6023567,3
HAUS8,0.62679076,3
CEP192,0.62017286,3
TUBGCP4,0.602505,3
ATF6,0.81408215,3
HSPA5,0.8372574,3
HERPUD1,0.9990802,1
DCP2,0.6375644,3
PARN,0.68026394,3
DIS3,0.6424633,3
ATF3,0.6430586,3
EXOSC2,0.62181634,3
EXOSC1,0.6940237,3
ASNS,0.6578317,3
EXOSC9,0.63051647,3
CEBPB,0.6426109,3
DNAJB9,0.606359,3
SYVN1,0.6358622,3
CTDSP2,0.6332458,3
SRPRA,0.64827704,3
EXTL1,0.6330782,3
DNAJB11,0.633163,3
SSR1,0.6214931,3
KLHDC3,0.63370043,3
TATDN2,0.6288393,3
GOSR2,0.6563974,3
LHX2,0.7520806,3
OR2F2,0.77781653,3
OR4S2,0.7191591,0
OR7A10,0.7459706,0
OR4X1,0.8414378,0
OR4K17,0.7203394,3
OR51E2,0.7469387,3
OR2W3,0.77250844,3
OR1D2,0.90132564,3
OR51B6,0.6494067,0
OR7G3,0.8321192,3
OR2S2,0.7488784,0
OR3A1,0.63345635,3
SLC34A2,0.9999825,1
CETP,0.78359216,3
ATP2A1,0.7839002,3
RHBG,0.6738147,3
ATP6V1F,0.62275755,3
SLC15A3,0.64470375,3
SLC27A6,0.8581455,3
ATP1A1,0.99995303,1
SLC25A22,0.61909103,3
SLC13A4,0.7353223,3
LRRC8C,0.62395793,3
ATP13A2,0.6577407,3
ATP9A,0.64350325,3
ATP6V1D,0.6691734,3
EIF2S2,0.6565054,3
SLC27A4,0.82044774,3
SLC9A5,0.62394553,3
ABCB8,0.80447936,3
ABCA12,0.767706,3
ABCA3,0.7341803,3
ABCA7,0.7809546,3
ABCD2,0.6568527,3
ABCG4,0.697735,3
ABCG5,0.73597795,3
PEX3,0.7128328,3
ABCC10,0.7679305,3
ABCB4,0.6700512,3
ERLIN1,0.72992986,3
FZD7,0.59102035,3
GNAT2,0.61557806,3
FZD3,0.63596344,3
PRICKLE1,0.66540647,3
RAC3,0.64334124,3
RGS7,0.9787541,1
GPR83,0.65703195,3
RGS17,0.66791576,3
PDE3A,0.6423577,3
EDN2,0.64523995,3
GRM3,0.97517663,1
PTGDR,0.8509433,3
CTLA4,0.62435156,3
PIK3R3,0.6368216,3
MAP3K14,0.6190782,3
GLDC,0.93057024,3
DLST,0.98769987,3
HOGA1,0.70490515,3
ALDH4A1,0.696852,3
GNMT,0.70486784,3
DDO,0.7075353,3
GRHPR,0.71741265,3
CCT8,0.82057637,0
PFDN2,0.7624245,3
CCT6A,0.8863738,3
CCT6B,0.8095215,3
CCT5,0.940297,3
PFDN1,0.6776034,3
PFDN5,0.74397,0
NOP56,0.6518251,3
FBXL3,0.6119219,3
RGS11,0.61613834,3
ALDH3A2,0.9227316,3
HACL1,0.7164145,3
PECR,0.7291427,3
EHHADH,0.7819495,3
DECR2,0.70037436,3
ECI2,0.72336227,3
NUDT7,0.6996094,0
FBXW5,0.65540355,3
PTGFR,0.86569726,3
PTGER3,0.8376803,3
PDE10A,0.80620444,3
PDE2A,0.83434397,3
GUCY1A2,0.7827432,3
MRPL53,0.63720655,3
RTN4RL1,0.656086,3
B4GALNT2,0.6985179,3
MRPL12,0.6256238,3
GGA3,0.6900396,3
MRPS18C,1.0,1
RAB13,0.7158903,3
CLPP,0.63061345,3
MRPL50,0.6927465,3
RNF146,0.68640924,3
FBXO11,0.82058764,1
MBD5,0.7169172,3
TFPT,0.9228171,1
MEPE,0.692604,3
ARSG,0.6687801,3
ALG5,0.75409156,3
DES,0.6424562,3
SLC8A2,0.78859276,3
MYBPC3,0.64246404,3
CES1,0.6856728,3
FXYD1,0.61864394,3
SCN2B,0.7976413,3
SCN10A,0.6418798,3
ANXA6,0.6430689,3
FKBP1B,0.64388835,3
TBX5,0.6781994,3
NEB,0.6388051,3
FXYD3,0.6367386,3
KCNE2,0.6194487,3
STIM1,0.70248705,3
ATP1A4,0.65000165,3
GRIA1,0.84684896,3
MED7,0.6409913,3
HMGCS2,0.8265631,3
MED8,0.6315831,3
SLC27A1,0.88677317,3
APOA5,0.72964716,3
MED14,0.64118886,3
MED19,0.6449774,3
NR1H3,0.79380107,3
MED28,0.6286018,3
MED9,0.6366437,3
ANKRD1,0.6447045,3
MED25,0.6493532,3
NPAS2,0.64846903,3
ABCA1,0.6911548,3
ACSL4,0.8545971,3
SPCS1,0.61866397,3
LEP,0.61884964,3
PARD6A,0.622398,3
LPAR6,0.83755445,3
LPAR4,0.7941473,3
FGR,0.65305907,3
ATP2B1,0.7600877,3
ORAI2,0.81185925,3
PDE4B,0.6603744,3
CDH19,0.71905285,3
NECTIN4,0.6772077,3
PRDM8,0.6928977,3
OSTC,0.641785,3
FOXP2,0.63224053,3
HOXC8,0.6724442,3
CANX,0.7895636,3
RACK1,0.6201129,3
SIRT1,0.6864993,3
FOXQ1,0.6224836,3
CLDN11,0.6944166,3
MOGS,0.71234965,3
CLDN5,0.62854266,3
MPHOSPH8,0.65324086,3
POMT1,0.66320014,3
BHLHE22,0.6900278,3
CBLL1,0.6341889,3
RDX,0.6645545,3
RPL39L,0.6921429,3
EFNB3,0.63976866,3
NELL2,0.6504014,3
SRGAP1,0.68719715,3
SCN1A,0.60785866,3
SLC6A6,0.7341953,3
SLC6A2,0.8122925,3
SLC41A1,0.73584163,3
SLC22A12,0.8535152,3
SLC6A5,0.6842241,3
RHCG,0.666712,3
SLC39A10,0.88570213,3
SLC16A1,0.8208636,3
SLC12A3,0.64383656,3
SLC7A2,0.6438383,3
SLC7A8,0.64261216,3
SLC12A5,0.6432786,3
SLC43A2,0.64345783,3
SLC4A3,0.6436119,3
SLC15A4,0.6429113,3
SLC43A1,0.6432516,3
SLC9A7,0.6432421,3
SLC34A1,0.8314397,3
SLC7A1,0.64385664,3
SLC16A10,0.6432406,3
SLC26A3,0.6408987,3
SLC26A6,0.6412229,3
SLCO4A1,0.7084253,3
SLCO3A1,0.84903204,3
SLC29A2,0.7846021,3
SLC25A5,0.7852852,3
SLC35A3,0.778322,3
SLC29A3,0.8052049,3
SLC35A1,0.8844358,3
SLC1A5,0.64300144,3
SLC30A3,0.83626187,3
SLC44A2,0.64259493,3
SLC25A11,0.64090496,3
SLC39A8,0.8416925,0
SLC39A1,0.87906,3
SLC30A8,0.85053045,3
SLC39A3,0.8714118,3
SLC39A4,0.8827274,3
SLC39A14,0.8486853,3
SLC30A10,0.6975734,3
SLC39A7,0.87935364,3
SLC40A1,0.71894926,3
SLC30A1,0.8669258,3
SLC20A1,0.69969285,3
ACER1,0.6602196,3
PRKD1,0.66070116,3
NEU3,0.8109887,3
SPTLC2,0.6610422,3
ACER2,0.6608937,3
ORMDL1,0.66071904,3
ACER3,0.66021734,3
SGPL1,0.6621468,3
DCP1A,0.6331172,3
CNOT8,0.6269034,3
DCP1B,0.63540655,3
CNOT1,0.6346671,3
NEFL,0.6133565,3
ACTN2,0.7203614,3
DLG2,0.6141767,3
AQP4,0.68149036,3
AQP2,0.6805094,3
AQP6,0.6818453,3
AQP10,0.6816509,3
ALG13,0.703535,3
MPDU1,0.6686172,3
PMM2,0.87399614,3
ST6GALNAC3,0.8065279,3
FPGT,0.9195721,3
ST6GALNAC1,0.75589836,0
GNPNAT1,0.74307173,3
ST6GALNAC4,0.87506926,3
ST6GAL2,0.8995385,3
ALG10B,0.69248295,0
ALG10,0.7471125,3
MPI,0.7646271,3
ALG11,0.65834063,3
UAP1,0.7847314,3
ST6GAL1,0.92187256,0
GMPPA,0.7741433,0
ST6GALNAC2,0.78870285,3
GMDS,0.67681426,0
ALG8,0.729791,3
NEU1,0.8036008,3
ST8SIA3,0.8847607,0
DOLPP1,0.6879627,0
GNE,0.8124393,3
ALG1,0.7661437,3
NUDT14,0.72701705,3
ALG2,0.71976894,3
CMAS,0.8402282,3
STX17,0.62714475,3
MGAT2,0.65855473,3
RNF139,0.82457215,3
COG5,0.6158947,3
CNIH1,0.6323271,3
MCFD2,0.59726197,3
PARVA,0.8619278,3
TESK1,0.73224807,3
PARVB,0.80906713,3
RSU1,0.7294597,3
ILK,0.82672375,3
IL1F10,0.6354323,3
IL1RL2,0.6862809,3
IL18R1,0.654617,3
IL4,0.66803896,3
CLDN4,0.6441389,3
CLDN6,0.686367,3
RBBP7,0.80797637,3
CDH6,0.63400084,3
CLDN15,0.68824977,3
LCP1,0.98468924,1
IL27RA,0.6144886,3
HNRNPDL,0.65246457,3
IL1R1,0.6869749,3
IL4R,0.66570324,3
TXLNA,0.67214805,3
OPRM1,0.6118368,3
CSF2RB,0.6152948,3
IL12A,0.68421483,3
MIF,0.6222351,3
IL7R,0.9191929,1
CNTF,0.6511129,3
NCALD,0.79240584,3
GRIK4,0.8561726,3
IL9,0.6658719,3
IL5RA,0.6250883,3
IL3RA,0.6705108,3
GSC,0.62483394,3
EOMES,0.6538695,3
FOXD3,0.6083563,3
POU5F1,0.78250724,1
PBX1,0.99341476,1
ZIC3,0.60696656,3
TUBG2,0.59541917,3
HAUS6,0.65613824,3
PPP2R2A,0.6300072,3
MZT1,0.6247505,3
HAUS7,0.6458662,3
SSNA1,0.59665346,3
CCNH,0.79345375,3
CDC7,0.6669499,3
KMT5B,0.6776711,3
DMAP1,0.648941,3
SMARCA2,0.6917788,3
SETD3,0.66933084,3
JADE3,0.76879597,3
PRMT5,0.6270765,3
PRMT6,0.73604995,3
MAS1,0.63681096,3
SSTR1,0.6106378,3
WNT2,0.6296721,3
WNT3,0.6464827,3
WNT11,0.6451606,3
FFAR3,0.64514714,3
EDNRB,0.64552015,3
PTCH2,0.64667016,3
SSTR3,0.6258267,3
SHH,0.84716,3
IL2RB,0.65569216,3
A4GNT,0.64526266,3
MUC4,0.99365366,1
ADAMTS2,0.6708821,3
MUC3A,0.7335746,3
ADAMTS18,0.64408123,3
MUC5B,0.7149708,3
ADAMTS7,0.67064375,3
GALNT2,0.64840734,3
MUC20,0.8234337,3
GALNT16,0.70583797,3
MUC6,0.7113071,3
THBS2,0.6658655,3
TOMM20,0.7303417,3
TOMM40,0.59761965,3
TOMM5,0.7352922,3
TOMM6,0.6206163,3
FLOT1,0.6872509,3
FLOT2,0.63307905,3
OGT,0.63321066,3
PDCD6IP,0.6272491,3
CDC37,0.7050208,3
IRF2,0.6598451,3
CASP4,0.61220646,3
IRF1,0.6315822,3
TAF1A,0.6405269,3
POLR1C,0.6851912,3
POLR1B,0.5999515,3
TAF1D,0.5936182,3
MYBBP1A,0.64798534,3
TTF1,0.6019285,3
BAZ2A,0.6351003,3
GTF2H4,0.66163343,3
MBD2,0.6040967,3
UBTF,0.60163647,3
SAP30BP,0.63477886,3
DERL2,0.84519446,3
MAN1B1,0.7039348,3
RNF185,0.76098716,3
MLEC,0.7698662,3
DAPK2,0.6357766,3
STK26,0.707579,3
SCUBE2,0.9124696,3
ERLEC1,0.6868053,3
SUFU,0.98132265,1
SPOP,0.94947493,1
GLI1,0.9680417,1
SPOPL,0.63492656,3
CDON,0.6726467,3
EVC,0.6440116,3
EXO1,0.77869976,3
ALDH1A2,0.799465,3
ALDH1A3,0.69751245,3
CRABP1,0.7372728,3
DHRS4,0.8727514,3
RDH13,0.8318724,3
PDHX,0.9483326,3
RXRG,0.7090101,3
CRABP2,0.70007336,3
PPARD,0.73963,3
MRPL52,0.6646821,3
MRPS34,0.6670304,3
MRPL20,0.6648915,3
MRPS16,0.6674125,3
MRPL43,0.6668244,3
PTCD3,0.6670827,3
MRPS6,0.6655551,3
MRPS27,0.666905,3
MRPL24,0.6653706,3
MRPL36,0.6670095,3
MRPL1,0.66690814,3
MRPL11,0.66728574,3
MRPL19,0.6670121,3
MRPS14,0.6671087,3
MRPS26,0.6669565,3
MRPL14,0.6670345,3
MRPL27,0.6676405,3
MRPL30,0.667047,3
MRPL21,0.6649049,3
MRPS2,0.6670747,3
MRPS7,0.66575897,3
MRPS10,0.6672488,3
MRPS22,0.6678535,3
MTIF3,0.66649693,3
MRPS33,0.6672176,3
AURKAIP1,0.6672062,3
MRPS9,0.66656,3
ERAL1,0.6667107,3
MRPS11,0.6671105,3
OXA1L,0.6672246,3
MRPL35,0.6670103,3
MTRF1L,0.666908,3
MRPL37,0.66698986,3
MRPS31,0.66692394,3
RPS12,0.66696376,3
SLC22A7,0.68502355,3
PLA2G4F,0.682064,3
ACBD6,0.6945435,3
CERS5,0.6349774,3
PPARGC1A,0.71203125,3
PLPP2,0.63610923,3
DGAT2L6,0.64844525,3
PITPNB,0.6434494,3
KCNIP4,0.6447971,3
ATP1A3,0.62181884,3
KCNE1,0.64352363,3
SLN,0.6092386,3
RAB8A,0.74516666,3
CC2D2A,0.6225326,3
IQCB1,0.6190758,3
EXOC8,0.64810556,3
BBS9,0.6059873,3
CEP250,0.6239819,3
C2CD3,0.62658787,3
IFT27,0.6272587,3
HOXD1,0.6070265,3
MAFB,0.80658185,1
HOXD4,0.6015103,3
RARB,0.59743714,3
HOXB2,0.64732945,3
POLR2C,0.71270263,3
HOXA1,0.65003127,3
GBF1,0.6293207,3
BBS10,0.75323474,3
BBS2,0.62685287,3
BBS4,0.6942183,3
BBS5,0.77764773,3
BBS7,0.6310328,3
MKKS,0.6270143,3
NPHP3,0.6723956,3
RELB,0.6351646,3
CLEC7A,0.7042616,3
PKN1,0.7341685,3
PKN3,0.6875715,3
GLI3,0.6498775,3
HUS1,0.65222466,3
TAF4B,0.6262738,3
TAF15,0.94726086,1
BRD1,0.63438225,3
TP53AIP1,0.6065898,3
TP53INP1,0.61718744,3
PRELID1,0.60253197,3
PIDD1,0.6591609,3
TNFRSF10D,0.6298533,3
AIFM2,0.6129999,3
STEAP3,0.61702204,3
PRELID3A,0.61274326,3
TKFC,0.8236213,0
ALDOB,0.8103919,0
GLYCTK,0.82695013,3
NAA38,0.63454646,3
VPS51,0.6316032,3
USE1,0.6424001,3
CYTH2,0.69198304,3
SYTL1,0.63450617,3
RABEP1,0.99431807,1
VAMP4,0.7140963,3
VPS36,0.66204125,3
TRAPPC1,0.6649165,3
SYT11,0.65965474,3
RAB18,0.6066032,3
RINT1,0.66430205,3
AVPR2,0.6798944,3
SYT2,0.70387095,3
TRAPPC8,0.64271235,3
FLRT2,0.68787944,3
MT3,0.8444673,3
MT1A,0.8263639,3
MT1X,0.8020738,3
MT1B,0.8266398,3
CSRP1,0.8435438,3
KSR1,0.6162987,3
SPRED3,0.7353914,3
NF1,0.74660105,1
MRAS,0.68773174,3
ABHD17B,0.69730246,3
GOLGA7,0.7173922,3
DUSP16,0.6633994,3
RASGRP4,0.70927316,3
USP17L2,0.64452094,3
MAPKAPK5,0.687285,3
PTPRA,0.66582453,3
XRCC2,0.6781017,3
RMI2,0.9302447,1
TOPBP1,0.7038795,3
XRCC3,0.9702546,1
MUS81,0.68188334,3
KAT5,0.69484997,3
RAD9B,0.6660458,3
ATRIP,0.6579592,3
SLX4,0.608581,3
RAD51AP1,0.6417292,3
INO80E,0.68615776,3
USP44,0.7686465,1
BAP1,0.9070964,1
UIMC1,0.6319084,3
RNF123,0.6924311,3
FKBP8,0.64853936,3
ERCC1,0.9943094,2
EYA3,0.6252237,3
EYA2,0.6275439,3
LIG3,0.6688211,3
POLQ,0.8352175,3
EME1,0.6459179,3
EME2,0.68739974,3
PPP4C,0.66546595,3
CUL4A,0.65123314,3
AQR,0.6683937,3
ZNF830,0.62318397,3
INO80,0.66687125,3
NFRKB,0.6344664,3
RAD23A,0.61248803,3
COPS7A,0.68465424,3
COPS7B,0.6673133,3
COPS6,0.64181584,3
CUL4B,0.6058263,3
PIAS1,0.6583151,3
LGALS1,0.6473286,3
MAGT1,0.68678594,3
TTLL10,0.64413375,3
TNIP1,0.6445712,3
ZBTB16,0.7849457,1
PSMG2,0.6785414,3
NDUFB9,0.6744025,3
NDUFAF6,0.67509234,3
NDUFC1,0.67495584,3
CMC1,0.67488635,3
NDUFB8,0.66460276,3
COX16,0.67592156,3
ACAD9,0.6750057,3
NDUFS6,0.67544377,3
AIM2,0.663827,3
TXNIP,0.6332777,3
SUGT1,0.6828409,3
ERCC8,0.6229871,3
OSM,0.62153995,3
CNTFR,0.62099457,3
OSMR,0.6294199,3
LIF,0.6633395,3
CTF1,0.6537383,3
IL11,0.62893885,3
PRMT1,0.66795415,3
E2F7,0.65275323,3
CNOT4,0.6247562,3
NLGN2,0.6711485,3
LRFN3,0.6706174,3
LRFN4,0.6708299,3
SYT9,0.6347458,3
SYT7,0.64411426,3
EPB41L2,0.63774073,3
HOMER3,0.6427517,3
NLGN3,0.6711493,3
NRXN1,0.67122483,3
EPB41,0.6710378,3
RTN3,0.6710934,3
BPIFA1,0.67625445,3
ATP7A,0.6458811,3
PIP4K2B,0.8182715,3
KRTAP26-1,0.833219,0
SPRR2E,0.8280113,0
KRTAP9-1,0.7654791,0
PERP,0.82984257,3
LCE1E,0.83210653,3
LCE1B,0.8318358,3
KRT8,0.8356774,3
KRTAP11-1,0.73358923,3
KRT4,0.8319064,3
KRT19,0.8354168,3
KRTAP19-1,0.78542686,0
KRT39,0.7881552,3
DSC3,0.8277674,3
KAZN,0.8372745,3
KRT72,0.7587426,3
PKP3,0.7267765,3
LCE1C,0.7998087,3
PPL,0.79379046,3
LCE1D,0.88913006,3
KRT6C,0.84283704,3
KRT7,0.9214737,3
LCE3A,0.7752727,3
KRT74,0.8351366,3
KRT13,0.8347947,3
KRT14,0.8069959,3
KRTAP5-6,0.8032231,0
SPRR2G,0.87833226,0
KRT27,0.8327619,3
KRT32,0.82923687,3
KRTAP2-3,0.79611796,0
KRT79,0.7579498,3
KRTAP4-11,0.80025244,0
SPRR1B,0.7749685,3
CCNG1,0.6147164,3
PLB1,0.6244409,3
TTPA,0.5920927,3
LRP10,0.59482974,3
UBIAD1,0.5926178,3
DOCK7,0.6056951,3
SPINT2,0.79455113,1
LAMB2,0.6454631,3
TNS4,0.6198995,3
HGFAC,0.7353887,3
PTPRJ,0.6593751,3
ATN1,0.64577407,3
ARFGAP2,0.62851053,3
MCPH1,0.60261065,3
NCAPH2,0.6317044,3
CTDNEP1,0.6610324,3
EML4,0.86701536,3
NUDC,0.6612602,3
CENPE,0.608823,3
VRK1,0.68503517,3
PDS5B,0.76767224,3
TNPO1,0.6659163,3
WAPL,0.8327873,3
MCM5,0.64053875,3
GINS2,0.6400932,3
GINS3,0.64026487,3
CDC45,0.721779,3
GINS1,0.6415732,3
DBF4,0.6611602,3
MCM10,0.6428708,3
RRM2,0.65885204,3
CDKN2B,0.6885288,3
TPX2,0.6422957,3
CEP78,0.70853406,3
GMNN,0.6386334,3
TWNK,0.6367905,3
PKMYT1,0.6717499,3
ZNF385A,0.74107754,3
SKA1,0.71137327,3
GTSE1,0.69034463,3
PDPR,0.87554663,3
PDHB,0.8857263,3
LDHA,0.78479433,3
PDHA2,0.86120194,3
MKLN1,0.8134473,3
LDHC,0.7418931,3
PDP1,0.8901851,3
GID8,0.7993121,3
RANBP9,0.7745036,3
MPC2,0.70761085,0
LDHB,0.7453354,3
ME2,0.67915535,3
MAEA,0.7295682,3
LDHAL6A,0.69535667,0
ENO3,0.6207886,3
GPI,0.62028134,3
ENO1,0.62091374,3
HK3,0.6214898,3
GNPDA1,0.6207851,3
ALDOC,0.6112932,3
SLC37A1,0.6298612,3
SLC37A4,0.6299517,3
BCKDHA,0.98861593,3
ACAT1,0.86183375,3
BCKDK,0.69720966,3
BCAT2,0.6980792,3
SLC25A44,0.69742674,3
BCAT1,0.69805396,3
HSD17B10,0.6977869,3
DHTKD1,0.9529462,3
CRYM,0.69733524,3
AADAT,0.69735706,3
PIPOX,0.6976093,3
SLC25A21,0.69753075,3
GCDH,0.6973236,3
SRM,0.67009884,3
ARG1,0.6701747,3
AGL,0.8465108,3
GYS2,0.77048445,3
MAN2B1,0.6454243,3
PFKFB4,0.6182223,3
GALT,0.626407,3
DCXR,0.6352602,3
SDHAF1,0.6749376,3
SDHAF3,0.67483425,3
SRSF2,0.999342,1
U2AF1,0.9992829,1
SNRNP70,0.6410179,3
SF3A2,0.6581431,3
SRSF3,0.99945647,2
CCAR1,0.65795016,3
U2SURP,0.63456047,3
SF3A3,0.64868504,3
SRSF7,0.63267344,3
HTATSF1,0.6412823,3
SRSF1,0.6406808,3
ZCRB1,0.6484538,3
PCBP2,0.6484723,3
A1CF,0.877495,1
APOBEC1,0.786924,3
GLE1,0.64869446,3
CASC3,0.60986555,3
DDX39A,0.65448797,3
LUZP4,0.6413084,3
SRSF9,0.6493442,3
CDC40,0.64262587,3
UPF3B,0.60956705,3
THOC6,0.6072717,3
RBM8A,0.6189686,3
SRRM1,0.66994643,3
CPSF3,0.631066,3
THOC2,0.64144725,3
SRSF5,0.61863166,3
THOC1,0.63416576,3
DHX16,0.6490899,3
PRPF8,0.6315582,3
PRPF6,0.6219901,3
RTCB,0.63126624,3
TRMT10C,0.61237866,3
PUS1,0.6149328,3
WDR4,0.63216704,3
POP5,0.6313682,3
POP4,0.6307805,3
TRMT44,0.6198403,3
RPP21,0.6315643,3
TSEN54,0.6148292,3
XPOT,0.62084395,3
GTPBP3,0.63155794,3
RPP30,0.6210194,3
TRDMT1,0.6188828,3
CTU2,0.6324171,3
TRMT112,0.6673061,3
RPL18A,0.66725993,3
RPS18,0.66690767,3
RPLP0,0.6287981,3
GTF2B,0.66157913,3
ZNF331,0.85276914,1
MOBP,0.6390666,3
RRN3,0.62045455,3
MUTYH,0.93203413,1
OGG1,0.93480885,1
NEIL2,0.6455901,3
NTHL1,0.9185511,1
SMUG1,0.6717574,3
PNKP,0.64469045,3
RSF1,0.7049457,3
HJURP,0.63930476,3
SPPL2B,0.6672738,3
TRAF1,0.6308031,3
UBA7,0.63597953,3
POLI,0.63571894,3
YY1,0.6168811,3
USP1,0.65457225,3
POLL,0.6646233,3
MGMT,0.8293135,1
ALKBH2,0.8361316,3
ALKBH3,0.83619595,3
FTO,0.8359607,3
NFIB,0.9967044,1
POLR3H,0.6174169,3
POU2F1,0.6897571,3
POLR3K,0.61818206,3
NFIC,0.61727864,3
BRF1,0.68654406,3
SSB,0.615759,3
BDP1,0.6086115,3
SNAPC3,0.6175976,3
SNAPC4,0.7489387,3
POLR3A,0.70920855,3
PLIN4,0.63409483,3
THOC5,0.6632533,3
DDX39B,0.61590195,3
BDH1,0.83926094,3
HMGCL,0.8391802,3
BDH2,0.8395272,3
ACSS3,0.8396794,3
GDA,0.7726311,3
ITPA,0.7090984,3
NT5C1B,0.7123806,3
GRB10,0.64613616,3
INSR,0.65397763,3
ATP6V0A4,0.605798,3
TCIRG1,0.5980155,3
ATP6V1G3,0.6254249,3
ATP6V0E2,0.6816656,3
ATP6V1C1,0.666083,3
ATP6V1G1,0.64311904,3
ATP6V0B,0.6334619,3
CSTF1,0.90336484,3
CPSF6,0.7692799,3
ELOVL4,0.6625297,3
SLC27A3,0.7362089,3
PPT1,0.7366945,3
BMX,0.6194424,3
ACIN1,0.6142267,3
RBCK1,0.66812515,3
USP21,0.64555997,3
USP2,0.6958127,3
TFB2M,0.8062243,3
MLLT1,0.9785755,1
SUPT4H1,0.66184956,3
SUPT6H,0.63000476,3
NELFB,0.63121057,3
LEO1,0.63906115,3
PAF1,0.6051169,3
IWS1,0.6635015,3
CLEC1B,0.6287201,3
TMSB4X,0.6083073,3
PFN1,0.682648,3
SYTL4,0.6436214,3
ABCC4,0.6796485,3
SCCPDH,0.62854546,3
APOH,0.6203938,3
PCDH7,0.6446807,3
CD63,0.64336085,3
SELP,0.64311075,3
LY6G6F,0.62961257,3
TEX264,0.63087374,3
A1BG,0.633394,3
STXBP3,0.6204952,3
HRG,0.62703836,3
CHID1,0.63008726,3
TAGLN2,0.6815793,3
AHSG,0.678108,3
TAF3,0.63504636,3
TAF5,0.62742895,3
TAF7L,0.6272863,3
GTF2A2,0.6252215,3
TAF7,0.6217518,3
TAF12,0.63441986,3
GTF2E1,0.62035537,3
GTF3C1,0.697519,3
GTF3C2,0.63695353,3
GTF3C6,0.69380194,3
ACADVL,0.8006245,3
ACADS,0.8987231,3
NDUFAB1,0.70323485,3
MCEE,0.94395083,3
THEM5,0.7938423,3
PCTP,0.72548723,3
ACSF2,0.72139806,3
ACOT13,0.7213028,3
PCCB,0.80933815,3
ACOT9,0.7220859,3
IFNGR1,0.6258713,3
KHDRBS3,0.69268453,3
DOK1,0.6650292,3
GNPAT,0.8361732,3
DHRS7B,0.8349399,3
PEX13,0.6218919,3
UBE2W,0.64169216,3
RNF20,0.62236005,3
BICD1,0.6298755,3
KIF16B,0.62962383,3
KIF6,0.6821533,3
SLC2A8,0.6794006,3
COPS8,0.68281204,3
SGIP1,0.69233286,3
KCTD15,0.62244236,3
TFAP2D,0.6604704,3
TFAP2C,0.64895916,3
PITX2,0.6742032,3
KCTD1,0.6124015,3
MRM3,0.83313334,3
LAMB1,0.6177473,3
LGALS3,0.8344362,1
DLX6,0.66453415,3
RUNX2,0.6639464,3
ZNF521,0.8665684,3
GATA2,0.9337145,1
FOXP3,0.68413484,3
PIR,0.7512804,3
SI,0.87143415,3
GUCY2C,0.8433549,3
AMY1A,0.82754195,3
TREH,0.82664716,3
PNLIPRP2,0.86454344,3
CHIT1,0.8701824,3
PNLIPRP1,0.83069134,3
ESR2,0.7023307,3
UHMK1,0.7696976,3
SATB2,0.6167724,3
MICU1,0.86965716,3
MCUB,0.8123353,0
AFG3L2,0.8572801,0
YME1L1,0.7022715,3
PARL,0.82335335,3
IGF2BP2,0.9566313,1
LUC7L3,0.7045385,3
CHTOP,0.64876395,3
RPL36,0.6411955,3
RPL13,0.6251409,3
RPL24,0.6192393,3
RPLP2,0.6331213,3
RPL7,0.6289661,3
HIKESHI,0.70740277,3
RRAGA,0.6353847,3
HIF1AN,0.7103983,3
PRDX1,0.6819902,3
RPL18,0.6910308,3
ENTPD5,0.7038727,3
ENTPD8,0.65065277,3
ADSL,0.7978614,3
ADSS,0.71872574,3
GART,0.86027026,3
IMPDH1,0.8218982,3
PPAT,0.83819443,3
APRT,0.82027715,3
UCKL1,0.78316754,3
GMPR2,0.77548814,3
DCK,0.84541506,3
SEC23A,0.6412212,3
NPC1L1,0.8193618,3
SLC5A1,0.83065873,3
SLC2A5,0.82406944,3
PAH,0.83500236,3
IL4I1,0.83512044,3
FAH,0.8346046,3
HPD,0.83441186,3
PCBD1,0.8348195,3
CREB3L3,0.7970119,3
LCAT,0.85477537,3
LIPG,0.7609295,3
PCSK9,0.7057335,3
SOAT1,0.6355984,3
SOAT2,0.6350733,3
GCHFR,0.6270798,3
PTS,0.626822,3
COQ4,0.62590027,3
COQ8B,0.6278341,3
STARD7,0.7999703,3
ACO1,0.6258092,3
FABP7,0.7834012,3
MOGAT3,0.8389948,3
LIPE,0.70321393,3
ABHD5,0.7813436,3
GK2,0.83489853,0
AGMO,0.83591795,3
FABP3,0.8345711,3
GYS1,0.7523572,3
NHLRC1,0.7646597,3
EPM2A,0.78907424,3
GYG2,0.8218189,3
PGM1,0.85372585,3
PYGM,0.76214457,3
BDNF,0.8641432,3
SLC2A3,0.63151383,3
HTT,0.64421743,3
EPOR,0.6045838,3
PHLPP2,0.6259467,3
PIK3R5,0.68878645,3
PDK2,0.80560666,3
FKBP5,0.64186263,3
CYBA,0.6332529,3
TIAL1,0.63110673,3
RAB4A,0.6290799,3
SERPINE1,0.61889035,3
GDF2,0.6381154,3
RNF111,0.6904021,3
MYF5,0.6993439,3
TRAPPC11,0.67679393,3
RABGAP1,0.67647797,3
RAB3GAP2,0.6335559,3
GGA1,0.658784,3
CCZ1,0.65747386,3
TBC1D2,0.6134176,3
RAB7A,0.6360811,3
ALS2,0.674069,3
SBF2,0.6333543,3
TRAPPC6B,0.6575558,3
RAB5A,0.6290224,3
RAB21,0.6288899,3
RAB6B,0.6335863,3
PTCRA,0.62682813,3
WWP2,0.68837786,3
DLGAP5,0.63223356,3
ARHGAP5,0.8463556,1
DLC1,0.732072,3
ARHGAP32,0.6709659,3
GIT2,0.6700963,3
FARP2,0.77274674,3
STARD13,0.6855703,3
NCKAP1L,0.6519231,3
STK10,0.6670001,3
LTC4S,0.8013394,3
ALOX12,0.78250176,3
PLTP,0.6142564,3
KDM1B,0.6071418,3
CAT,0.68906707,3
RHD,0.6994667,3
FUT4,0.8362721,3
B3GALT5,0.7813987,3
IFNA14,0.6065376,3
IFNA8,0.6067973,3
IFNA17,0.60698307,3
STAT2,0.6522709,3
IFNAR1,0.6388565,3
MID1,0.66716164,3
TRIM3,0.64117676,3
SAMHD1,0.62085986,3
OAS1,0.6472257,3
IRF6,0.6558865,3
FANCB,0.68474853,3
IFIT1,0.6198565,3
GALNT6,0.7310042,3
GALNT14,0.70654494,3
GALNT10,0.71128875,3
GALNT8,0.72167206,3
ATP6V0E1,0.68205637,3
ATP6V1A,0.6835425,3
ATP6V1B2,0.702546,3
ATP6V1C2,0.62384754,3
ATP6V1E1,0.68203944,3
ATP6V1E2,0.6233225,3
TFR2,0.6216659,3
TMEM115,0.6413814,3
BET1,0.63793266,3
ARFGAP3,0.6374109,3
MGAT3,0.78732854,3
SEC16A,0.63980234,3
SLA,0.6872555,3
CHCHD7,0.99966884,1
BAG6,0.6465102,3
CMC4,0.6463351,3
STX5,0.6465326,3
CHCHD4,0.64566267,3
TIMM50,0.6459161,3
COX19,0.6446395,3
BCS1L,0.6460836,3
PRKAA1,0.6624973,3
MTMR14,0.66130555,3
RB1CC1,0.6629036,3
AGRP,0.6518259,3
GADD45A,0.6363788,3
GEM,0.63451934,3
FSCN2,0.6170736,3
SLC17A8,0.63185346,3
EPS8L2,0.60918504,3
TWF2,0.64327437,3
MYO3A,0.64026684,3
PLS1,0.63976353,3
GRXCR1,0.6344366,3
OTOF,0.6513612,3
TPRN,0.65303236,3
LHFPL5,0.6313131,3
MYO3B,0.627279,3
BSN,0.60693693,3
CABP2,0.61630535,3
TRIOBP,0.68036973,3
RPS25,0.63542706,3
DNM3,0.61037296,3
RPS28,0.666296,3
RGMB,0.6334666,3
CAP2,0.6931844,3
TRA2B,0.6107477,3
COPS2,0.65279365,3
BACH1,0.9307903,3
COX6A1,0.7132134,3
SDR9C7,0.6367261,3
LDB1,0.6528446,3
TAS1R1,0.7706345,3
MPP1,0.6350912,3
OPN1SW,0.63616323,3
SOD3,0.63620883,3
AQP8,0.6437306,3
COX4I2,0.67886674,3
SRXN1,0.63165385,3
ABCF2,0.74819475,3
TRAK2,0.7993905,3
PFN2,0.71260136,3
RHOV,0.6382637,3
ARAP3,0.6413251,3
RHOD,0.651612,3
KCTD13,0.68526477,3
KIF5A,0.63180816,3
DLG5,0.6622481,3
SCNN1G,0.71201384,3
TAS1R3,0.6921205,3
TAS2R7,0.8235489,0
MLPH,0.62510324,3
CEACAM1,0.6490774,3
DPF2,0.68343633,3
TFE3,0.8797856,1
TBX3,0.67554456,3
BIRC7,0.6066797,3
ASAH1,0.66440666,3
CSF1,0.70539105,3
TYR,0.6152261,3
NME2,0.66567904,3
FUT8,0.7618017,3
CHST8,0.83058393,3
MGAT4C,0.8541895,3
MGAT5,0.7728937,3
HES7,0.6127132,3
PAX8,0.91994435,1
NOTO,0.64888626,3
OTX2,0.659204,3
ZIC2,0.68056184,3
MAFG,0.636686,3
ADAM33,0.6893416,3
ZEB2,0.63730294,3
GABRA5,0.72670066,3
GABRR2,0.69996405,3
MSGN1,0.70175755,3
LFNG,0.65627474,3
CNOT7,0.6352648,3
PRM1,0.6028484,3
PAIP1,0.6014065,3
NPM2,0.6351632,3
AICDA,0.64734805,3
ZSCAN4,0.648197,3
RBBP5,0.6499012,3
MED17,0.60909414,3
MED20,0.64306676,3
PHLDA1,0.61443937,3
PEX11A,0.64803356,3
MED16,0.74040574,3
SLIT2,0.6912283,3
HOXA11,0.864133,1
HOXC11,0.7984897,1
SIX1,0.8849513,3
PAX2,0.7713383,3
SIX2,0.81437886,1
IRX2,0.6389683,3
LHX1,0.6380579,3
FOXC2,0.66550416,3
HECW2,0.6482251,3
FBXO15,0.6056823,3
KLHL22,0.6472277,3
FBXL12,0.68762904,3
SEC61A1,0.7338588,3
FBXW2,0.65649104,3
FBXO31,0.6464785,3
KIF21B,0.62648857,3
KIF22,0.6250906,3
KIFAP3,0.6422466,3
KIF9,0.6280712,3
KLC2,0.63596064,3
KIF1B,0.6050298,3
KIF3B,0.6541298,3
KIF1C,0.61700386,3
KIFC2,0.6610955,3
KIF12,0.719509,3
KIF2B,0.60696656,3
KIF20B,0.64895856,3
KIF26B,0.64956707,3
KIF15,0.7201881,3
IGHM,0.62991667,3
ATP8B1,0.6435589,3
WNK1,0.64389366,3
TRDN,0.64348114,3
TTYH3,0.6445257,3
ASIC3,0.6270883,3
ATP8B3,0.62787205,3
RYR1,0.64328396,3
ANO8,0.6442167,3
ATP11A,0.6282332,3
ATP8A1,0.62839425,3
TTYH1,0.6294337,3
TIMP2,0.6492377,3
HELLS,0.6876267,3
TRIM28,0.6785668,3
ZNF317,0.6507453,3
EBF2,0.64090663,3
MED21,0.6963914,3
KLF5,0.629901,3
MED15,0.64866287,3
MED29,0.6766385,3
CAPN2,0.67930025,3
TYRP1,0.6751053,3
MLANA,0.6337148,3
GXYLT2,0.63453954,3
CAPNS2,0.66422015,3
HCFC2,0.640816,3
PAXIP1,0.60860896,3
DPY30,0.710019,3
SETD1A,0.6448933,3
