Gene Name,Score
VRK1,0.10107931
EGLN3,0.08058471
CASP9,0.077536054
NFX1,0.07567622
CEP19,0.07510201
TFAP4,0.07337462
CAV2,0.06833315
KDM5B,0.067905895
CLOCK,0.06761289
CDK13,0.06754399
MYO1F,0.06558959
WBP4,0.065487586
NOXA1,0.057505336
AAK1,0.057480413
PALLD,0.05621178
RERE,0.05570551
ZBED1,0.05565468
PDK3,0.055381358
MGST1,0.055353485
ITCH,0.053819064
HMGA2,0.053111825
GSTK1,0.052955676
CDC45,0.05258368
GRIK1,0.052083217
PMS1,0.05168046
NEK7,0.05146195
TTLL5,0.05137589
LYRM7,0.051361352
CALM1,0.050834533
RHEB,0.050631292
TAB2,0.05014526
LETM1,0.04974513
TOE1,0.049582597
COPB2,0.048862398
VWA8,0.04873757
WNT3,0.04841886
NUPR1,0.048417963
LOXL1,0.048166003
EHMT2,0.04778847
CDC6,0.0475546
NANOG,0.047050804
GBF1,0.046421636
KIF9,0.046039883
PPM1G,0.045095935
MAML2,0.044976376
CUL7,0.044720873
SMC2,0.044597507
RYBP,0.044510577
MMP3,0.044335246
FGR,0.044186816
HELB,0.044163983
DCLK1,0.04395249
ECH1,0.04378859
SRSF6,0.04335069
PSME1,0.043086987
ELK1,0.043010112
NFS1,0.04297549
PON2,0.042520437
SUMO3,0.04231146
HMGB2,0.0420568
NUBPL,0.041653957
IRF2,0.04159652
NPAT,0.040618014
LEF1,0.04053716
CRX,0.04053538
ETFB,0.0402032
RBM22,0.04013907
AHR,0.038918063
UCHL5,0.038862646
PDGFA,0.038861256
PUF60,0.038600978
AURKC,0.03851465
PLCE1,0.03822831
MED27,0.037975214
CCNB1,0.03763794
DDX21,0.037586316
RXRB,0.037009772
MACF1,0.03693646
STRAP,0.03678101
WASF1,0.036663327
REPS1,0.036650907
PEX12,0.036608774
MBD1,0.03649904
ATF1,0.03647171
MED15,0.036457233
HIRA,0.03638698
GORAB,0.036386963
TINF2,0.03616554
CAND1,0.03608241
DTL,0.035443995
RSU1,0.035384085
ATR,0.03532341
CASP6,0.035130993
FOXJ3,0.03495781
SP100,0.03488175
ID2,0.0348758
PLS1,0.034811657
SIN3B,0.034547716
DCAF6,0.034514107
MYH8,0.03438858
MRM3,0.034370605
SDC1,0.034090683
ELMO2,0.03402171
PRDX1,0.033914432
PNISR,0.03384196
CRBN,0.033829313
PEX26,0.033683628
FBXW4,0.03339605
CLIC4,0.033334427
TTC8,0.033070788
GRM1,0.032999523
TMOD3,0.032925792
PNKP,0.032911856
VPS35,0.032901287
MARC1,0.032698024
NCK2,0.032695033
ERAL1,0.032636493
SLX4,0.03259042
UQCC2,0.032473505
PRC1,0.032256156
MATN2,0.032248635
CLK3,0.03205026
SDHB,0.03201401
RBM14,0.031826068
PSRC1,0.031697698
ERBB3,0.031687614
CENPE,0.03153881
KDM6A,0.031531814
DSN1,0.03153097
RBM28,0.031488996
LIMA1,0.031462554
RPTOR,0.031383727
NR1H3,0.03134965
CEP63,0.031254087
API5,0.031208733
SON,0.031149866
ING2,0.03113381
DEAF1,0.031117482
TEAD1,0.031033183
CENPB,0.031015184
NCEH1,0.03095828
PAK2,0.030846396
NUBP2,0.030725809
RAB2A,0.030719163
RARB,0.030698985
SIAH1,0.030684935
NR1H4,0.030658454
NR0B2,0.030482654
PIGU,0.03045085
SNX1,0.0303546
KMT2B,0.030350138
SRSF4,0.030303787
CCNA2,0.030217793
MYO1B,0.030211478
BMX,0.030090028
MCUR1,0.030054197
NTF3,0.03000704
CALD1,0.029964529
E2F5,0.029903565
IL2RA,0.029900681
FBXW5,0.029867183
KIF2A,0.029693067
UBE2B,0.029672844
GP1BB,0.029496595
STAG3,0.029472595
ING4,0.02939599
MTREX,0.029143533
STMN1,0.029117813
ABI2,0.029080134
DDX46,0.029048644
FOXE1,0.029037848
HAUS2,0.029037444
RFC2,0.028937433
XRN1,0.028781587
KLC3,0.02872819
DDX20,0.028588837
NEXN,0.02854297
KRT83,0.02841663
CMC1,0.02835435
SCML2,0.028319074
GFI1B,0.02829732
GRWD1,0.028259628
COPG1,0.028222471
EAF1,0.028188916
PPIL3,0.028133431
CCNL2,0.02795662
GMCL2,0.027876168
TRA2B,0.027798258
STOM,0.027778935
SSRP1,0.027753757
TNNI3,0.027707338
NEDD8,0.027487058
TDG,0.02746094
SV2A,0.027453708
TSC1,0.02723578
RMI1,0.027087482
UBE4A,0.02701052
BMF,0.026901169
CLIP2,0.026838303
NLGN1,0.02659294
DOCK2,0.026355023
SETX,0.026218327
TIMP4,0.02620189
KMT2E,0.026196185
RAB3B,0.026040092
NOD2,0.025975464
ACOX3,0.025876798
TNNT3,0.025833994
PLK4,0.025708728
ABCF1,0.025693543
BUB3,0.02563478
CIR1,0.025609713
GRB10,0.025510017
RAC3,0.02538298
RRAS,0.025381189
CREB3,0.025365623
TYRP1,0.025167614
FOXK1,0.025139816
SALL1,0.025131041
PSMF1,0.02512252
STX5,0.025117043
SYN1,0.02511249
THOC7,0.025010249
ATRIP,0.024990914
BAG1,0.024916524
TOP 1.00,0.024893109
ECM1,0.024835614
TBL1X,0.024647024
RFC5,0.024641654
THOC5,0.024569025
RELB,0.02454872
PIN1,0.024472749
MYL6B,0.024447523
PSMD7,0.024381667
CISD3,0.024368908
NUDC,0.024347464
TBCA,0.024261564
CLPX,0.024239134
PSMD5,0.024198348
DDX42,0.023963278
LAT,0.02394949
UBE2A,0.023916705
PPIH,0.023834337
CDK7,0.023830276
TNNT2,0.023826476
KLHL2,0.023790665
COX11,0.023775186
PDE12,0.0237678
DDX28,0.023727113
MCRS1,0.023676325
SRSF7,0.02367374
OCLN,0.023658028
MEF2C,0.023648655
LMNB2,0.023580212
SSH1,0.02337605
SURF1,0.023347404
CFLAR,0.023296459
DRD2,0.023242028
ACOT8,0.023175186
FOXC1,0.02301485
STIP1,0.022953322
GNAT1,0.022919444
MTX2,0.022892224
USF1,0.022758164
RPAP2,0.022694927
ILK,0.022663463
RRS1,0.02265329
SLU7,0.022618873
C1D,0.022584122
FLOT2,0.0225412
MLH3,0.022534262
ZW10,0.02243714
DVL1,0.02234587
FOXL1,0.022317892
TONSL,0.022291979
CEP70,0.022267897
TLK2,0.022228563
MPC2,0.02213193
DSG1,0.022029772
DDX47,0.021933984
PYM1,0.021922959
ATF3,0.021911377
IRS4,0.02189705
GLRB,0.021874221
ATF6B,0.021871777
MYH13,0.021789178
GPS2,0.021730492
IRF5,0.021687027
MED6,0.021676669
MED14,0.021674797
BTK,0.021619998
PLD2,0.021596357
MIS12,0.021560377
VAPA,0.021557631
PEBP1,0.021552537
MYO9A,0.021527514
NAGK,0.02150049
PDPR,0.021485213
EIF3J,0.021395609
SATB1,0.021386135
PPARD,0.021241745
TOP2A,0.021198442
TRADD,0.021189038
NSD1,0.021118024
DHX30,0.021081313
RUNX3,0.021065002
CCNA1,0.021062128
MYH6,0.020984657
MCM10,0.020978011
DMC1,0.020974828
GSK3A,0.020958515
RAB3A,0.020951405
EMC2,0.020947028
TFB2M,0.020936538
GLOD4,0.02093512
TERT,0.02093217
BRAP,0.020908387
CCR5,0.020884367
LASP1,0.020805929
PARL,0.020796372
PLIN5,0.020792851
SAP18,0.02076832
TMED1,0.02070795
PIGS,0.020623753
BAHD1,0.020598672
DLG3,0.020597642
MSX1,0.020568738
PTBP2,0.020534342
SUGP1,0.020525929
GID8,0.020524552
VCAM1,0.02050448
PDCD6,0.02046043
IRAK4,0.020370603
CTC1,0.020334495
NOTUM,0.02032565
PHB,0.020306833
TEFM,0.020220421
IDH3G,0.020149993
FBXW8,0.020123197
GNPAT,0.020097977
HIC1,0.020024728
DSC2,0.019985525
COX7C,0.019961113
NR1I2,0.019921217
PPARA,0.019874193
IDE,0.019870594
ERCC8,0.019866012
ANXA7,0.019840628
TGFB2,0.01982179
IGSF5,0.01981449
FREM2,0.01977132
AP3B2,0.019769471
RFC4,0.019760465
RAB32,0.01967662
BICD1,0.019639418
SKIL,0.019525656
UBXN1,0.019453304
MSH5,0.019415917
GNL3,0.019406382
GNL3L,0.01940081
RFC3,0.01935397
EZH1,0.019297443
DGKZ,0.019253766
NPHP4,0.019199664
ACD,0.019170882
STIM1,0.019143308
KLHL9,0.019092787
LTBP4,0.019028982
AGR2,0.018986708
SVIL,0.01895249
LRP6,0.018884059
PCGF5,0.018881613
GANAB,0.018875487
SNAI2,0.018708576
SOS 1,0.018674456
BECN1,0.018635048
UGDH,0.018625868
PDS5B,0.018613007
MED26,0.018608343
CISD1,0.018543428
LAMC2,0.018511761
VMP1,0.01850076
NCBP2,0.018362515
THOC2,0.018351413
MED18,0.018332945
LUC7L,0.018299447
GAN,0.018224098
DMAP1,0.018223237
MAIP1,0.01822118
TEAD2,0.0181937
BCAR1,0.018175565
AHI1,0.018172452
SNX3,0.01814834
MAFB,0.018113833
RCC1,0.01804856
WNT3A,0.017975677
TNNC1,0.017964292
PSMD9,0.017911892
FOXG1,0.017860672
DPM1,0.01776494
HDAC9,0.017759284
WDR62,0.017673299
VPS4B,0.017670708
XPO5,0.017658437
RING1,0.01761697
JAK1,0.017516064
AIFM1,0.017487684
ORC4,0.017464899
PKP2,0.017406246
IMP4,0.017398223
DNM1L,0.01739198
OPTN,0.017341632
RFC1,0.017245308
PTBP1,0.017181749
IRF1,0.01713551
PSME4,0.017126543
ROCK1,0.01712229
EIF3A,0.01705338
SYNPO,0.017044997
HAUS3,0.017035231
UQCC1,0.01701307
DCTN2,0.01701248
TLR3,0.016992923
RAB21,0.016946279
UVRAG,0.016916102
PCNT,0.01683968
CSRP1,0.016818386
COQ8B,0.016801229
CPT1A,0.01678804
ZWINT,0.01672915
PAF1,0.016715782
PCGF3,0.016681364
MED7,0.016681222
CENPT,0.016649373
MSH4,0.016648803
PIGT,0.016630154
MYL9,0.016560126
CCNB2,0.016519615
SPI1,0.01647641
CTBP2,0.016408635
HMGN2,0.01640187
TOX4,0.016328039
UHRF2,0.016226102
PSME2,0.016212573
TAL1,0.016174817
GRHPR,0.016147433
TEKT4,0.016139548
PICK1,0.016124737
DDX41,0.016117984
JADE3,0.016117105
DHRS4,0.01609283
SMC1B,0.01597242
OAT,0.015947878
ACTN3,0.015936933
GLI3,0.01593493
CNN2,0.015929457
EPN3,0.01588851
YAP1,0.015829286
DRD4,0.015826248
MYO5B,0.015804375
UIMC1,0.015786843
APOH,0.01575606
OAZ1,0.015755333
ERCC6,0.01574209
NR2C2,0.015707608
MGST3,0.015700554
ORC3,0.015655821
NCK1,0.015655637
DPY30,0.015628178
SOS 2,0.0155802015
MOGS,0.015556706
LSM 6.00,0.015544968
TOP3A,0.015538161
ATF5,0.015537884
STAM2,0.015535214
THOC3,0.015489577
AKAP6,0.015424877
JUND,0.0154112475
SPAG5,0.015403898
DDX18,0.015349796
PPIB,0.015340919
CELF1,0.015327938
TNNC2,0.0153167145
MTG2,0.01528778
GGA1,0.015285963
CBX4,0.015282957
TEAD4,0.01526143
DLG2,0.01525766
HCK,0.015242729
TAB1,0.015239789
PIAS4,0.015191017
MYBPH,0.01517343
DCAF7,0.015166384
SCO1,0.015157199
NLRP3,0.015142691
MATN1,0.015078774
LDB2,0.014994079
MEX3B,0.014971573
RAB5C,0.014964585
EXOC4,0.014942544
CLK2,0.014917775
RPGR,0.014866548
CEP55,0.014843045
MED11,0.014779657
THOC6,0.0147643555
NHEJ1,0.014762795
PIAS2,0.014732407
DVL2,0.014716427
E2F2,0.01468736
SRCAP,0.014672773
MFF,0.014659404
KIF5C,0.014625212
AGO1,0.01459714
EPN1,0.014566842
ZYX,0.014537704
AMFR,0.014528102
NRP1,0.01450816
MYOM2,0.014474513
UBE3A,0.0144654205
SATB2,0.014457443
HAND2,0.014363443
COLQ,0.0143480385
SLIRP,0.014288703
CPSF7,0.014273404
DCAF1,0.014259604
KRT81,0.014194021
UBE2C,0.014156632
HERC2,0.014110581
HYOU1,0.014097565
DCTN6,0.014096499
HAUS5,0.014081953
DCTN3,0.014080888
XRCC4,0.014075745
MIB1,0.014070161
HSDL1,0.014052755
NOL11,0.01400869
RNF8,0.013992806
CNPY3,0.013991629
TRIM8,0.013980897
HNF4A,0.01394258
DAXX,0.013927622
WDR6,0.013927622
STX11,0.013887613
RASA2,0.013875903
LAMA4,0.013839217
DDX24,0.013836958
FAF2,0.013797524
MAX,0.013791232
NPHP3,0.013774976
CD59,0.013750789
CD81,0.013743142
ARRB1,0.013734898
WFS1,0.013668544
LIN7A,0.013658782
COA6,0.013657567
MMP13,0.013650246
PRELP,0.01363495
EPN2,0.013612184
DPM3,0.0135886865
MED20,0.013577966
CBX2,0.013537937
FLOT1,0.013516009
RAI14,0.013493502
NOC2L,0.013481675
CNOT7,0.013446403
CETN3,0.013395604
PGAM1,0.013372369
PEX3,0.013358793
CCNT1,0.013354934
DLG1,0.013349576
RXRG,0.013342807
EID3,0.01331999
ACADM,0.013299875
CNR1,0.013290642
MED9,0.013246185
BRCC3,0.013216502
AP3B1,0.013211751
ORC6,0.013195536
SOAT1,0.013149655
NMD3,0.013148615
CNOT1,0.013139252
PPM1B,0.013129658
CIAO1,0.013109514
FIS1,0.013106071
MYL6,0.013021569
SPC25,0.012994369
TRIO,0.012986255
NSL1,0.012977238
RBM25,0.012974691
PARVB,0.012967353
TKT,0.012936148
DERL3,0.012904325
MED10,0.0128961215
WNT7B,0.012837785
MAGT1,0.0128351385
ETS1,0.012833326
DCTN4,0.0128305415
CCNH,0.012819059
ODF2L,0.012791537
COQ6,0.01277669
CASP7,0.012768898
MYH7B,0.012765201
EDC3,0.012734855
PPIF,0.012718618
DCAF8,0.012697755
PARP2,0.012688207
NCBP1,0.012670789
MKKS,0.012669476
GNAQ,0.012658995
CLP 1,0.012654912
ACLY,0.012653822
ACOT2,0.0126395505
ELOC,0.012615145
CSK,0.012609968
CCL18,0.012604091
TRAF5,0.012579558
CD2,0.012577065
KLC2,0.012559152
MCAT,0.012541702
SEPT5,0.012525266
TOP2B,0.01251129
HMGB1,0.0124744
KLC1,0.012471434
FOXO6,0.012468996
TFB1M,0.0124680055
WDR12,0.0124632325
SENP3,0.012462781
RNF11,0.012461636
CSN2,0.012422441
BCL6,0.012417696
PIAS3,0.012403559
CENPC,0.012377942
PLOD2,0.01237053
SRPK1,0.012368945
COIL,0.01236052
MBD3,0.012318023
VAV2,0.012312605
CALU,0.012293217
NDC1,0.012262967
AEBP2,0.012261292
HAP1,0.012250821
CISD2,0.012200896
IDH3A,0.012176965
SEC63,0.012159638
DHX35,0.0121379215
LATS1,0.012129176
SOCS3,0.012127166
GFAP,0.012107724
LAMB3,0.012101697
RCN2,0.012094972
CNOT9,0.012035866
AGO3,0.012034703
NUP58,0.011995646
ERC2,0.011987986
PCGF1,0.011985664
CDC23,0.011971533
GOSR1,0.011924558
CD8B,0.011912721
NPHP1,0.011899398
RUNX2,0.0118609145
P4HA3,0.011834765
LSM 2.00,0.0118339285
HMGCL,0.01180142
SNX2,0.0117970435
GNAT2,0.011774841
EXOC6,0.011756572
MCM6,0.0117406985
CARM1,0.011730038
NAT10,0.011671379
MGME1,0.011663521
NEK2,0.011660339
MCMBP,0.011597493
ATF2,0.011584
MMS19,0.011582297
BSN,0.011574826
DNAI2,0.011571766
HDHD3,0.011565309
DDX52,0.011550194
MFN2,0.011475243
MYL3,0.011434466
CDC20,0.011427746
STX1A,0.011419238
SREK1,0.011398882
TSR1,0.011394196
ALMS1,0.011389691
NCF4,0.011384957
FHL3,0.011374452
LAMP1,0.011337653
CCL7,0.011336493
MED13,0.011302484
VPS28,0.011284514
PKP3,0.011271312
EGFL7,0.011264151
AP3S2,0.011254808
PDIA2,0.011241847
MYO1E,0.011233687
TAP2,0.011225444
SYNE1,0.0112025915
AP3M1,0.011199946
BBS10,0.011185919
CENPU,0.011183967
LEO1,0.011182485
ELL2,0.011167384
VAMP7,0.011159358
HSDL2,0.011143036
PLD1,0.011140204
LARP7,0.01113131
MCL1,0.011124205
HEY2,0.011079341
LSM 3.00,0.011069242
EPB41,0.01105901
FOXO3,0.011044981
BIRC5,0.01103485
NCOA3,0.011000562
CD3E,0.010988538
EVL,0.010988279
CD3G,0.010975865
BMP2,0.010969097
ERH,0.010958636
TIAM1,0.0109419925
MTA1,0.010940413
GGA3,0.01093332
CCL24,0.010918609
FOXO1,0.010912894
RFX3,0.010905511
LDB3,0.010868622
MSL1,0.010821674
EIF3D,0.01081751
JAGN1,0.010793453
CD9,0.010778261
MMAB,0.010745113
CD79B,0.010734894
EBP,0.010733846
CTAG2,0.010721478
IDH3B,0.010709983
JUNB,0.010705725
DHX8,0.01063605
WNT5A,0.010625894
NCF1,0.010608363
MED8,0.010579789
DPM2,0.010532833
COX14,0.010500846
MPDZ,0.010477284
EGR1,0.010430139
NUP50,0.010399659
CHD8,0.010365607
TANC1,0.010352673
MYO1C,0.0102657
DCTN5,0.010263854
INHA,0.010262832
IL2RB,0.010261166
SP1,0.010253571
ULK2,0.010233059
RPRD2,0.010207903
MED23,0.010188809
UBE2N,0.010163084
PBX2,0.010142871
CALR3,0.010135162
RTN4,0.010102415
MFAP5,0.010077107
MMP8,0.010065759
RCN1,0.010052919
SF3B5,0.010032113
PDIA4,0.009996233
EIF3G,0.009982147
SEC13,0.009981445
CALM3,0.009979028
CETN1,0.009973085
FOXK2,0.00996294
NR2F6,0.009952851
ARF6,0.009948139
PHB2,0.009940721
PDK1,0.0099228285
SAE1,0.009921246
MYO1D,0.009920951
EP400,0.009914255
IRS1,0.009868098
MBD2,0.009867493
CSPP1,0.009860167
PPIL1,0.009856751
P3H3,0.009844231
EPC2,0.009838381
THAP1,0.009832442
PTCD3,0.009818756
SNX6,0.009814937
SPRTN,0.009786075
NID1,0.009763949
RPP21,0.009684415
HJURP,0.009682599
CD36,0.009647911
PCBP2,0.009646326
PELI3,0.009616798
FREM1,0.009606131
PEX7,0.009580596
GRM2,0.009574382
DCAF4,0.009565415
SSNA1,0.009557061
PSMD8,0.009554701
FADD,0.009546361
SAP30,0.0095299585
FXR1,0.00951465
ORC1,0.009469562
FHL2,0.009457958
INVS,0.009411807
EIF3B,0.009408327
GDF7,0.009398257
NFRKB,0.0093886955
SF3A3,0.009384833
IGHA2,0.009329274
IVD,0.009295419
ORC2,0.009282947
PSME3,0.009252884
SYNE2,0.0092368955
DAPK1,0.009233715
ITPR1,0.009158845
STX4,0.009156181
STAG2,0.009144758
NBN,0.009132668
RAB5B,0.009098458
SRPK2,0.009050182
PAAF1,0.009032939
AP1M2,0.009031514
HDAC8,0.009029385
MED16,0.009007561
VPS4A,0.008988584
RYR3,0.008979754
SGCB,0.008974306
CYB5B,0.008968608
COQ5,0.008951934
LSM 5.00,0.00894193
TYK2,0.008910777
KRT86,0.008907805
TLR2,0.008877403
SGCA,0.008866246
DISC1,0.008864369
ATF4,0.008859598
TBL3,0.008831735
SNX5,0.008825267
PROC,0.008805577
APOC2,0.008794396
SCP2,0.0087747825
OXA1L,0.008765493
PRPS1,0.008747447
AMPH,0.008730982
ERCC5,0.008730194
SYF2,0.008725326
CPSF6,0.008722625
MRGBP,0.008688791
HACL1,0.008660738
CCL20,0.008651696
LAMP2,0.008636692
UCHL1,0.008621146
CCND3,0.008609156
WDR83,0.008598215
BACE1,0.008588469
EXOC2,0.008581943
PEX10,0.00856239
STX6,0.008537119
SF3B6,0.008528946
PLOD1,0.008511702
CENPN,0.008507819
SIAE,0.008454321
KRT38,0.008454209
MYH10,0.008440892
MAGI1,0.008433341
GRIK3,0.008432946
SRSF9,0.008409307
LCAT,0.008374599
WDR82,0.008369797
SRP19,0.00832745
PHC1,0.008309733
ARNT2,0.008305659
BBS5,0.008287863
COX5B,0.008287267
KRT85,0.008285531
LRWD1,0.008272556
CDC26,0.008268583
KIF3C,0.008251794
UXT,0.00823759
PCGF6,0.008236814
CDK9,0.0082322275
INSR,0.0082294755
COX5A,0.008226483
NUP54,0.0082227215
AP3M2,0.008196426
INO80,0.00815368
BARD1,0.008146237
GYS2,0.008144776
SMAD7,0.008139521
CEBPB,0.008116297
MED19,0.008111079
NFYC,0.008101321
IFT74,0.008097329
FANCB,0.008092398
COG8,0.008090897
DOCK8,0.008080595
ARF5,0.008073271
MSRB2,0.008062469
CSN3,0.008057695
FKBP8,0.008055062
MEP1B,0.00805483
FBXL7,0.008042681
CXCL3,0.008030258
FMR1,0.0080228215
EIF3C,0.008012289
PREB,0.007995658
IFT52,0.007994333
CDC16,0.007986075
FAF1,0.007976347
ECT2,0.007971593
AP2S1,0.007965747
RAD18,0.007957514
SF3B2,0.007918252
SGO2,0.007917795
GRM8,0.007909724
POMP,0.007903869
LAMA1,0.007870166
TLN1,0.007862931
SFXN1,0.00784726
AMOT,0.0078106285
KLC4,0.007779097
TGS1,0.007777011
PSMD4,0.0077753076
RPA1,0.00775627
MAML1,0.007743008
KDM2B,0.0077197356
MMP10,0.0076971296
CENPV,0.007678461
CD2AP,0.007669891
CD8A,0.007647307
MCU,0.0076363753
PRPF3,0.007626607
MRM1,0.007620355
H2BFS,0.0076184985
FOXN3,0.0076155644
ISY1,0.0076061036
KIF2C,0.0076016528
CEP97,0.007592442
VAMP3,0.0075786724
UBL4A,0.007577363
EIF3H,0.007568135
PSMD6,0.0074755345
WNT4,0.007473734
ARL 3.00,0.0074731885
VAPB,0.0074643237
TAF4B,0.0074493033
PARVA,0.0074017635
BRAF,0.0073957187
HDAC6,0.0073655364
PEX19,0.0073613683
PLK1,0.007337268
AP2A2,0.0073242486
DCP2,0.007320554
WAPL,0.0073196627
THRB,0.0072963582
CENPO,0.0072836033
WDR3,0.00727975
MED17,0.0072532813
MYF5,0.0072303573
LSM 4.00,0.007200964
MED31,0.007187889
FOXS1,0.007187072
ETFA,0.0071861534
CHRD,0.0071817967
EIF3I,0.007158175
LATS2,0.0071367486
PHF5A,0.007127679
TNNI2,0.0071149752
CASQ2,0.0071003204
GNA13,0.007086403
TIMP2,0.0070772995
C1QC,0.0070484537
TTK,0.0070190597
LEPR,0.0069957087
IFFO1,0.006967034
AP3S1,0.0068904664
MYO1A,0.006888147
EHD4,0.006886327
NOS3,0.0068570888
SGCG,0.0068506976
ABCD3,0.0068260753
CCL28,0.0068241297
CCL21,0.0068197837
CXCL5,0.0068119075
UBB,0.0068088085
COG2,0.0068055037
APOL1,0.006805423
TAF11,0.0068028616
EIF3F,0.0067891087
BUB1,0.0067851488
WASF2,0.006784435
CDK5,0.006776969
KRT35,0.006773625
VPS39,0.0067530763
BMP1,0.0067318757
ACSM5,0.006731611
CCL22,0.0067251767
ADRM1,0.006720159
MATN3,0.006701977
XRN2,0.0066667013
INHBA,0.006647602
CENPJ,0.006642648
ABCD1,0.0066168373
BMP7,0.006613851
REST,0.0066073127
TCHP,0.0065982956
KIF7,0.006595543
L1CAM,0.00657912
RBL2,0.00656786
PARK7,0.0065469365
NCF2,0.0065425863
NEK6,0.0065290285
B9D1,0.0065120943
CTBP1,0.006501556
TAFA4,0.0064960043
PYGB,0.006483774
DHX9,0.006440259
AVIL,0.0064397985
LYRM4,0.006422864
RAD9B,0.006417592
MICU2,0.0064145704
STAU1,0.0064078458
TRIP6,0.006372124
HTRA1,0.006342605
VPS41,0.00634216
FOXM1,0.006323796
ACOT4,0.0063030296
CCL17,0.006260996
CHD3,0.0062539238
ACTN2,0.0062395884
DAB2,0.006220296
SEPT3,0.0062197596
KAT5,0.00619577
ARL8B,0.0061820094
PCDH7,0.0061772796
TAP1,0.006176627
LYAR,0.0061746426
MAVS,0.006173861
ING5,0.0061476147
AP1B1,0.0061333203
POC1B,0.006124
SKA1,0.006107954
IQCB1,0.0061069294
PLRG1,0.006105879
NUF2,0.0061001144
KDM1A,0.0061000884
EHD2,0.006090056
PPIE,0.0060759243
FBN2,0.006072734
XCL2,0.0060720462
TERF1,0.006067596
BRD1,0.0060620313
MED24,0.00605671
NFYB,0.0060500363
ENY2,0.006048761
THOC1,0.006038005
CUL5,0.0060349065
STX12,0.0060181287
XCL1,0.005982059
RGS6,0.0059678787
NUP43,0.0059498535
DSG2,0.0059350207
WWP2,0.0059190793
EDEM3,0.0059037968
FLNC,0.00590296
FANCA,0.005874203
PIGC,0.005843602
HBM,0.005840454
LTBP1,0.0058240774
STT3B,0.005818955
STAT1,0.0058164014
CBX5,0.0058122035
NUP85,0.005808617
PLIN1,0.0058031403
RBBP7,0.0057992595
DOK1,0.0057957224
MYOM1,0.005794159
RPN2,0.0057913666
NUP93,0.0057533
PIAS1,0.0057242676
DRD5,0.005703276
APOC3,0.005703127
SKP2,0.005696563
NDC80,0.005674477
MED21,0.005670771
DERL2,0.0056597255
TAF4,0.0056570238
VAMP8,0.0056485226
RBM8A,0.0056440034
WDR19,0.0056387954
HBG2,0.0056327777
DAPK2,0.0056306045
PRKN,0.0056189545
EPHA4,0.0055931704
VPS16,0.0055793882
SRP14,0.005574012
RIPK1,0.0055531813
SNX4,0.005542695
EXOC3,0.005537102
ACTN4,0.005535561
PGAM5,0.0055272356
IFT80,0.005524073
TAF2,0.005415343
SRP68,0.005411564
TBP,0.0054035676
MCM3,0.005397743
BET1,0.005389401
TRIP4,0.0053854766
MMP1,0.00537345
TNS2,0.005368936
AP1G1,0.005347779
WWP1,0.005338329
GRM7,0.005336775
E2F3,0.005334525
DNMT1,0.0053332094
FNTA,0.0053251693
GET4,0.0053236894
SYT1,0.0053119985
OCRL,0.005303937
HDAC7,0.0053012464
KIF5A,0.0052698134
MTA2,0.005264062
STAU2,0.0052574174
UTP15,0.0052478425
DDX23,0.005245578
CXCL2,0.0052401014
PDIA3,0.005231466
ACSL4,0.0052265828
PPOX,0.0052061267
MYO19,0.0051686526
HIBCH,0.0050874627
MED1,0.005069634
POP5,0.0050556622
MYH3,0.0050234613
EDC4,0.0050198184
ESCO2,0.0050092554
SENP2,0.0050082454
NR4A1,0.0050026192
BBS7,0.0050003794
HBB,0.0049979975
CPSF2,0.004985107
BLK,0.004957517
C1QA,0.00494873
TAF8,0.0049432083
TNNT1,0.0049342285
GRIK5,0.0049132584
GAB2,0.0049085934
HDAC3,0.00489065
RAC1,0.004882006
MATR3,0.004864584
GCDH,0.0048567518
PHC2,0.004856226
AP4E1,0.004851076
C2CD3,0.004849838
NEDD4,0.004846426
FANCM,0.0048442394
CDK4,0.0048352345
CDCA5,0.0048320577
MED29,0.0048262347
ASPH,0.0048248633
TAF7L,0.004824861
SYT3,0.0048097847
MEF2A,0.0048031677
ABHD5,0.004798151
MSH3,0.0047978736
GRID2,0.0047940067
UTP4,0.0047812904
CCL13,0.0047677457
CD79A,0.004760782
PLTP,0.0047591147
TDRD7,0.0047577824
NFYA,0.0047502173
DDX1,0.004740529
POP1,0.0047275075
EXOC8,0.0047169877
PHC3,0.004707966
SRSF1,0.0047050663
MECP2,0.004683972
DOK2,0.0046757804
BBS12,0.0046174224
PAX6,0.004599161
RPE,0.0045977593
STAT2,0.004569006
ZCRB1,0.00455845
RBBP5,0.004521857
SMAD1,0.004472138
EPOR,0.004469307
EPC1,0.0044592894
BBS1,0.0044573275
ECI1,0.004455047
EMD,0.004447493
TFAM,0.004447493
NID2,0.0044212257
POP7,0.0044130664
GNB5,0.00434981
HMOX2,0.004333193
BBS2,0.00433157
PPM1A,0.0043274174
U2AF1,0.004315069
COMP,0.004309801
CAPZB,0.004299208
BATF2,0.0042980593
CXCL6,0.0042934725
NHP2,0.004281551
SNRPA,0.004266494
RBP2,0.0042583784
RHOQ,0.0042213085
ARRB2,0.0042108065
LIN7B,0.004209509
PATL1,0.004199613
GRIA3,0.0041977027
PARD3,0.004195796
HIPK2,0.0041940073
AP4M1,0.004174843
BID,0.0041623604
MYO6,0.0041590827
CBR4,0.004147268
LMNB1,0.0041458462
BAG3,0.004122187
BRCA2,0.0041143307
PEX2,0.0041119033
WNT7A,0.004102878
PDCD7,0.004101867
SRSF8,0.004098775
IRAK1,0.004089159
DECR2,0.004089039
RBX1,0.0040883026
FSCN1,0.0040880092
PYGM,0.004086864
MYH7,0.0040855254
IRF7,0.0040744347
KAT2B,0.004073086
MYOZ3,0.004063145
HDAC4,0.0040558013
GLE1,0.004047397
PIGA,0.0040236665
CEP76,0.004019553
PCF11,0.0039962977
GRIP1,0.003991131
WASL,0.0039852555
MYO10,0.0039585666
WDR43,0.0039238185
VASP,0.00389498
RBL1,0.0038948578
B9D2,0.0038915551
HAUS4,0.0038641857
APOC1,0.003825481
CDK8,0.003808096
AQR,0.0038035493
SPC24,0.0038004825
TAF3,0.0037729465
SYVN1,0.0037688084
ACOX1,0.0037525764
MLH1,0.0037447747
LSM 10.00,0.0037397598
FZR1,0.0037382038
GNA12,0.0037360536
MYH14,0.0037124893
TFDP2,0.0037110609
DCP1A,0.0036797288
ASH2L,0.0036711502
EPAS1,0.0036698945
NSUN4,0.0036637154
APOB,0.003662499
ARF1,0.0036586435
IFT88,0.0036456524
LAMB1,0.0036233275
EEA1,0.0036167107
CD22,0.0036161663
TAF12,0.0036048703
LRP1,0.003600933
CDK1,0.0035984737
MCM4,0.0035885915
KIF14,0.0035789914
ITPR3,0.0035598082
TKFC,0.0035391722
RNF31,0.0035140305
SMAD6,0.0035129369
TAF9B,0.0034666113
PRDX2,0.0034660576
MBL2,0.0034434127
LMO4,0.0034360427
TIMP3,0.0034239565
NUP62,0.0034079785
MED4,0.0034006983
AGO2,0.003381973
RC3H1,0.003344299
DKC1,0.003328231
KIF3B,0.0033234921
PRKDC,0.0033194479
CENPH,0.0033073933
EXOC1,0.003306526
RPP38,0.003303386
UBXN7,0.0032940516
WDR35,0.0032917215
MPV17,0.0032885377
INS,0.0032760066
STT3A,0.0032704107
NOLC1,0.0032646803
XRCC5,0.0032610388
PEX13,0.0032355357
PTPRO,0.0032326307
MKRN3,0.0032279985
SF3B4,0.0032123318
SYT10,0.003190159
RAD1,0.0031889023
RILP,0.003183234
PEX14,0.0031827062
SRF,0.003175175
VDAC1,0.003167248
AP3D1,0.003165895
BAZ2A,0.0031556124
SYT2,0.003143347
BAZ1B,0.0031379308
UBE2W,0.0031114628
BIN1,0.0031021808
LIN9,0.0031020143
FBN1,0.0031005754
TULP3,0.0030924706
CTR9,0.0030799548
RPP40,0.0030789755
MCM5,0.0030718807
AP2M1,0.003061399
RP1L1,0.0030413624
LAMC1,0.0030403258
MTO1,0.0030378397
HAUS1,0.0030377153
STN 1.00,0.003025632
ANLN,0.0030021013
GNAI1,0.002991132
CUL4A,0.002974184
MYOG,0.0029724156
FBLN1,0.0029448813
LYN,0.0029388154
CD4,0.0029328594
ANK3,0.0029323867
BNIP3,0.0029263813
TPM1,0.0029242795
KRT37,0.0029026733
NUP88,0.0028951534
PDPK1,0.0028917415
RYR2,0.0028862322
PIBF1,0.002879283
LBR,0.0028712226
FXR2,0.0028484303
MARK4,0.0028168473
EFNA2,0.0028151441
ALDOA,0.002814289
MAFG,0.0028122049
TLE1,0.0028105327
RAB9A,0.0027968572
CDC27,0.002789921
FNTB,0.0027896145
ELOB,0.0027453627
WIPI2,0.0027411557
PINX1,0.0027301058
STX3,0.0027179604
PIGH,0.002702758
SRRM2,0.0026936594
CD19,0.002690011
TNNI1,0.002688002
MTCH2,0.0026799226
TFDP1,0.0026722967
PINK1,0.0026608077
VPS36,0.0026585637
GRIA4,0.0026553709
TERF2,0.0026546435
PCCA,0.0026195105
IRF3,0.0026149522
TACO1,0.0026097826
ULK1,0.0026018682
DDX31,0.0025709
LSM 1.00,0.0025676994
ACOT9,0.0025674393
HCFC1,0.002563047
MED30,0.0025498644
ATG9A,0.0025359483
CCL14,0.0025351485
CRK,0.0025287154
EHD3,0.0025165777
NOP58,0.0025124277
PSPC1,0.002504248
RBBP4,0.0024975175
BFSP2,0.00249619
UBC,0.002494908
PSMD3,0.002490392
LRIF1,0.002477641
ZER1,0.0024670628
POC5,0.0024512364
PHKG1,0.0024494403
C1QBP,0.0024385785
PSMD1,0.002421788
HGS,0.0024206606
SNX9,0.0024082507
SF3B3,0.0024028223
MASP1,0.0023734325
BMI1,0.0023602669
LDLR,0.0023542643
SF3A1,0.0023474144
CCL27,0.0023416204
BMPR2,0.0023377459
SGF29,0.0023333048
IFT81,0.0023238766
NOP56,0.0023221185
RGS9,0.0022935038
SEPT2,0.002293265
CKAP2,0.002292943
RAB4A,0.0022917609
PRDX5,0.0022886307
VWF,0.00227894
FOXB1,0.002271065
CFTR,0.0022549273
RXRA,0.0022544253
IL2RG,0.0022423484
IFT27,0.0022418022
RNF4,0.0022114904
CHMP6,0.0021840471
ZNRF1,0.002175991
VAMP2,0.0021591173
AP1S1,0.0021519964
ERN 1.00,0.0021478802
ZNRF2,0.0021415418
KAT8,0.002139736
OFD1,0.0021396475
TADA3,0.0021394244
TAF5,0.0021383772
BBS4,0.002136402
PAK1,0.0021204504
CDC42,0.0021151006
RPP30,0.0021004945
VPS11,0.0020995531
MSL2,0.0020815558
TAF13,0.0020800103
CBX8,0.0020758891
FCN2,0.002057121
NXF2,0.0020541013
ACTB,0.00204595
SRP72,0.0020448344
GRIA2,0.0020367603
PSMD2,0.0020323861
FGF1,0.002031806
SEPT7,0.0020298683
BAAT,0.0020063033
LRRK2,0.0019978133
COG6,0.001997473
SPG21,0.0019953733
AP4B1,0.0019855723
FANCC,0.0019460022
CNTN2,0.0019152618
PIGP,0.0019136255
KIF23,0.0019056139
DDB1,0.0019010847
CCL26,0.0018885075
KAT2A,0.0018703867
DLG4,0.0018699096
TIRAP,0.0018630037
NFKB1,0.0018590408
CUL4B,0.0018589842
FOXR2,0.0018445415
IFT57,0.0018431487
ARL 6.00,0.0018361064
ZAP70,0.0018324797
RASA1,0.0018193888
TWSG1,0.0018028566
SNF8,0.001800308
MYSM1,0.0017985703
PIGQ,0.0017916851
SGCD,0.001776882
SUMO1,0.0017766807
HELLS,0.001761733
AP1M1,0.001760147
ICAM1,0.0017599988
AP2B1,0.001755662
FOS,0.0017315823
ACTN1,0.0017266923
CIRBP,0.0017104098
DHX15,0.0016936339
PTEN,0.0016931421
PCCB,0.0016819543
ADRB2,0.0016718323
PTPRA,0.0016708251
VDAC3,0.00166946
CENPA,0.0016679402
ARPC4,0.0016462189
GRIA1,0.0016390169
SRP54,0.0016201857
LCA5,0.001613139
TAF7,0.0016008706
ATG13,0.0015843698
SMC3,0.0015682202
BOP 1.00,0.0015673448
LDHA,0.00156377
BRD8,0.0015411305
STX7,0.0015388818
APOA2,0.0015170621
DDX56,0.0015045052
HSPB1,0.0015030983
VDAC2,0.0014992259
SKP1,0.001496719
KIF3A,0.0014945634
GRIK2,0.0014884418
HOOK1,0.0014844828
RBMX,0.0014378299
EHD1,0.0014362282
OPA1,0.0014114226
PECR,0.0013929476
IFIH1,0.0013904215
EGFR,0.0013875702
LRP2,0.0013801424
LMAN1,0.0013741663
LSM 7.00,0.0013738517
NPC1,0.0013657055
ORC5,0.0013565646
TAF9,0.0013532218
SEPT9,0.0013481099
CCL5,0.0013447521
SHC1,0.0013392703
ARPC2,0.0013374959
MKS1,0.001330941
AP2A1,0.0013300102
RAB5A,0.001329743
HAUS8,0.0013094884
SF3A2,0.0013008695
NAAA,0.0012919084
VPS18,0.001289421
AP1S2,0.0012891748
U2AF2,0.001253821
CD3D,0.0012160249
SRRM1,0.0012045003
TRIM5,0.0012011714
HES6,0.0011985211
TRAF3,0.0011819657
GNAI2,0.0011667184
GALNS,0.00116396
GNAI3,0.0011329633
GRB2,0.0011021307
IFT46,0.0010999207
OS9,0.0010983235
HDAC5,0.001092904
E2F4,0.0010834911
CUL1,0.0010764356
PELI1,0.0010708914
TMED7,0.0010686915
SEPT8,0.0010305081
UBE2S,0.0010297132
RAB8A,0.001029011
RYR1,0.00100786
FCN1,0.0010068733
COQ9,0.0010047508
DAG1,0.0009890806
POC1A,0.000959193
CUL2,0.0009381451
EPS15,0.0009378586
CCL8,0.0009094727
NXF1,0.00088785106
FYN,0.00088609784
TPM2,0.0008785809
RMND1,0.00086116936
MYL1,0.0008602815
EPHA2,0.00083505845
TAF10,0.0008344324
SEPT1,0.0008269338
COX15,0.0008180213
RAB7A,0.00074884354
CDK2,0.00074314285
ING3,0.0007173571
ARPC5,0.0007164106
RAN,0.0007052033
CRKL,0.0007000463
TRAF6,0.0006854861
SMAD4,0.0006759137
CBX3,0.0006757788
LAMA5,0.0006666483
TAF1,0.0006599941
GRSF1,0.0006345698
HTRA2,0.0006305511
NUP37,0.00062823173
SIN3A,0.00057133473
APOE,0.0005665597
APOA1,0.00050522416
CDC5L,0.0004880853
TBK1,0.00045548045
MYO5C,0.00043734984
LIN37,0.000433336
PTX3,0.00040653977
ARPC3,0.00039549923
PURB,0.00038914118
KRT34,0.0003859352
TMED2,0.0003780534
PURA,0.00037442634
MCM7,0.00036737113
OBSL1,0.00034337526
HINT2,0.00032255365
GAB1,0.00031014474
MCM2,0.00030693322
ATG5,0.000280289
TRDN,0.00026797113
HDAC1,0.00025312885
GSK3B,0.00024759167
RNPS1,0.00023294166
RBM39,0.00023097577
CLPP,0.00022614244
SRC,0.00020439834
COPA,0.00020155672
EIF3L,0.00019532556
TRAF2,0.00016944339
CCL11,0.0001658293
BIRC2,0.00016491362
TPM3,8.833939e-05
HDAC2,3.6441717e-05
PEX5,3.245803e-05
