Node Name,Score,Label
GAB1,0.99064773,2
GRB2,0.96029335,3
FNTA,0.026249243,3
FNTB,0.009660896,3
MRE11,0.042627968,0
RAD50,0.21033563,0
KAT5,0.97795063,3
ATM,0.89493006,1
BRCA1,0.4551384,1
BARD1,0.70467615,3
RAD51,0.18230648,1
BRCA2,0.70611084,3
XRCC6,0.6988673,1
XRCC5,0.44451702,3
CCNB1,0.99955505,2
CDK1,0.9297588,3
CLP 1,0.10540624,3
PCF11,0.13130178,3
TEAD2,0.49111852,3
YAP1,0.092632435,3
TSC2,0.7094284,1
TSC1,0.25997978,3
JUN,0.9991615,1
ATF2,0.31122723,3
FOS,0.36130235,3
CCND1,0.97642773,1
CDK4,0.044082604,3
SMAD3,0.99298394,1
SMAD4,0.8566794,3
HDAC2,0.80557555,3
SIN3A,0.96113724,3
HDAC1,0.88155496,3
ELOC,0.031802874,3
ELOB,0.40282336,3
NCBP2,0.93181247,3
NCBP1,0.14398785,3
TAP1,0.22279656,3
TAP2,0.45235682,3
ATRX,0.62742466,1
DAXX,0.7030489,3
UBE2B,0.9954997,2
RAD18,0.15311798,3
PMS2,0.8873077,1
MLH1,0.5954105,3
CENPX,0.010238884,0
CENPS,0.0019387817,0
PCCA,0.37306598,3
PCCB,0.85719883,3
BCL2,0.52549756,1
BID,0.12916759,3
FLOT1,0.1272629,3
FLOT2,0.11813594,3
TRAF6,0.9810512,3
IRAK1,0.39624208,3
PEX19,0.002495601,3
PEX3,0.13622606,3
CNTN2,0.07640758,3
L1CAM,0.0005107764,3
NRP1,0.06566999,3
GRIA2,0.23673548,3
GRIA1,0.29147685,3
MYO1C,0.002719481,3
ACTB,0.9995745,2
ABHD5,0.5496829,3
PLIN1,0.8768061,3
PAK1,0.8065216,3
FLNA,0.8822018,1
CREB1,0.7854095,1
ABCD1,0.4687485,3
ABCD3,0.03284777,3
STAT1,0.055873852,3
STAT3,0.968491,1
LRP2,0.9693522,3
DAB2,0.5628636,3
AMPH,0.03630029,3
BIN1,0.05196547,3
CBL,0.7739091,1
IRF3,0.077308334,3
IRF7,0.72595054,3
RELB,0.92701614,3
NFKB2,0.15834734,1
ACTN1,0.85835475,3
PARVB,0.7246428,3
CDK2,0.99358904,2
CCNE1,0.9159819,1
SMAD2,0.8503567,1
RAF1,0.40693003,1
SRC,0.9215034,3
PDGFB,0.5736475,1
PDGFA,0.12810518,3
MYC,0.85900056,1
MAX,0.9771902,3
CCNA1,0.3482006,3
CCNA2,0.8205208,3
ESR1,0.987501,1
SUMO1,0.33164647,3
CCNT1,0.056158006,3
CDK9,0.14272979,3
CD81,0.054068375,3
CD19,0.6959445,3
EP300,0.9965898,1
HIPK2,0.67732614,3
NCOA1,0.39180687,1
NCOA2,0.9770371,1
CBX5,0.9570387,3
MDM2,0.12550077,1
PIAS4,0.016932128,3
PTEN,0.13893928,3
RARA,0.9963362,1
RXRA,0.4209386,3
IFIH1,0.10687391,3
TKFC,0.00234189,3
GSK3B,0.28885022,3
AXIN1,0.81745374,1
CEBPA,0.86073714,1
LEF1,0.9999758,2
CEBPB,0.16479103,3
REL,0.48014823,1
NFKB1,0.98966265,3
TLE1,0.0065779425,3
CD8A,0.5609592,3
CD8B,0.24597153,3
CD3G,0.12459733,3
CD3E,0.1542967,3
CD3D,0.07011124,3
MAFB,0.16214365,3
STX1A,0.10978791,3
VAMP2,0.014353643,3
DDB2,0.996723,1
DDB1,0.97772866,3
DLG4,0.84060407,3
DLG3,0.39892197,3
GPS2,0.8657113,3
NCOR2,0.4713662,1
NCOR1,0.533612,1
PEX13,0.1950126,3
PEX14,0.0006287022,3
MSH4,0.3360411,3
MSH5,0.50998247,3
MLH3,0.6796685,3
SDHA,0.98931926,1
SDHB,0.7219986,3
ARNT,0.6329321,1
EPAS1,0.08799846,3
PIAS1,0.89255786,3
HIF1A,0.9934701,1
GNA12,0.009937686,3
GNA13,0.1908082,3
JUND,0.94718033,3
AKT1,0.70912415,1
FADD,0.33791286,3
CASP8,0.5043801,1
TRRAP,0.6429904,1
KAT2A,0.3423728,3
APC,0.57985145,1
DOK2,0.9337163,3
RASA1,0.52880406,3
CDK6,0.96498305,1
PARVA,0.021335194,3
ILK,0.22074535,3
SMAD9,0.14131951,0
NCF2,0.02992927,3
NCF1,0.6438111,3
HDAC3,0.9914391,2
E2F4,0.2754526,3
TFDP1,0.01997167,3
FOXO1,0.20162758,3
PLK1,0.93486965,3
CENPU,0.33500963,3
FKBP8,0.016889837,3
TERF2,0.5942104,3
PI4KB,0.25788617,0
PI4KA,0.027242035,0
NCK1,0.9858212,3
JUNB,0.47668275,3
BLM,0.439025,1
TOP3A,0.24402183,3
HEY2,0.13474071,3
RUNX2,0.19708434,3
ATF3,0.4247192,3
GATA1,0.99879813,1
BUB1,0.56374025,3
BUB3,0.3908395,3
LAMA1,0.11444945,3
SDC4,0.54982334,1
CRK,0.8718254,3
SPC24,0.053909063,3
NDC80,0.0987006,3
SMAD5,0.034146287,0
SKI,0.023347566,0
AP2A1,0.53700334,3
AP2M1,0.7638722,3
TFDP2,0.0012675148,3
CAV1,0.9753739,1
NOS3,0.5713689,3
HDAC7,0.093770124,3
CRKL,0.9992561,2
WASL,0.70746154,3
PML,0.8158856,1
SMAD1,0.016494982,3
BAX,0.12855233,1
SP1,0.5838979,3
WRN,0.9677661,1
WNT3A,0.0029417914,3
WIF1,0.22893226,1
BCL3,0.99248284,1
PRC1,0.20898435,3
PEBP1,0.99839276,2
SHC1,0.5881194,3
CCND2,0.49488893,1
CCND3,0.5004301,3
IGF1R,0.5155195,1
IRS1,0.20136482,3
SKIL,0.17388986,3
ERBB2,0.73531103,1
ERBB3,0.6110464,3
EGFR,0.7884183,3
GIT2,0.081831984,0
FYB1,0.43975833,0
ENAH,0.05085696,0
ZAP70,0.27380085,3
FYN,0.8629616,3
JAK2,0.9881931,1
DOK1,0.016971558,3
ARRB1,0.08920123,3
ARRB2,0.14003466,3
HCK,0.9982174,2
BCAR1,0.019413143,3
LCK,0.59790754,1
CD79A,0.07835488,3
CD79B,0.062068276,3
SOS 1,0.46327022,3
SOS 2,0.84663236,3
LYN,0.96139634,3
BLK,0.30418718,3
BTK,0.8761066,3
TAB2,0.14493093,3
IRAK4,0.6809057,3
PELI1,0.0030770984,3
XPO1,0.59902084,1
RAN,0.6021499,3
IL2RB,0.23214251,3
IL2RG,0.06301246,3
MTOR,0.3781347,1
TERT,0.94167525,3
IL2RA,0.109550595,3
GAB2,0.17375177,3
GAST,0.013549939,0
ANXA2,0.027236678,0
NCOA3,0.3599099,3
STAT6,0.9964869,1
CYLD,0.8508794,1
TSHR,0.38192853,1
BIRC2,0.86313206,3
TRAF2,0.9936253,2
RIPK1,0.002004575,3
CIR1,0.34049237,3
SAP30,0.059145946,3
FBXW7,0.78279287,1
SKP1,0.7998099,3
PLCG1,0.859393,1
JAK1,0.34922746,3
PLD1,0.11975768,3
RAC1,0.061664313,3
CAV2,0.26052237,3
NCK2,0.90474766,3
CSK,0.70235676,3
PLS1,0.9968645,2
PDPK1,0.094773404,3
ELK1,0.16087446,3
ID2,0.5673489,3
RBL2,0.9584323,3
SOCS1,0.98564446,1
RBL1,0.99108595,2
SNX6,0.41466823,3
SNX4,0.067420825,3
SNX2,0.6146835,3
SNX1,0.36484328,3
SMAD7,0.10024658,3
PPM1A,0.013043397,3
DCP1A,0.02661599,3
FOXO3,0.036836006,3
NFYB,0.06688946,3
NFYC,0.090416454,3
CDC16,0.005581653,3
SNW1,0.34570363,0
CDC27,0.8764867,3
CUL1,0.21742786,3
FOXO4,0.18893118,1
E2F5,0.11856194,3
RBX1,0.6784436,3
HNF4A,0.664055,3
NFYA,0.17325152,3
KAT2B,0.9790496,3
DVL2,0.0553081,3
RHOA,0.65517825,1
TBK1,0.116396435,3
CFLAR,0.8196245,3
PSMD6,0.16161917,3
TRADD,0.096892916,3
MET,0.23015746,1
GNAI3,0.9487626,3
ADRB2,0.4499024,3
TOP 1.00,0.72291833,3
EED,0.80123764,1
CD44,0.6599382,1
BMPR2,0.34828117,3
FOXM1,0.67518145,3
CALM1,0.6781029,3
EPC1,0.49384835,3
ING3,0.18602471,3
MBL2,0.009907849,3
PTX3,0.84608287,3
TRIP6,0.0033624442,3
CUL4A,0.07523867,3
CAND1,0.15322207,3
CUL4B,0.4475641,3
E2F6,0.06375265,0
EZH2,0.054109115,0
PHC3,0.0706763,3
AP2B1,0.65412426,3
AP1S2,0.18822695,3
MCMBP,0.39688727,3
MCM7,0.6378219,3
CASP7,0.9999629,2
PARP1,0.9642683,1
NOD2,0.5267629,3
ATG13,0.11871074,3
ULK2,0.009351127,3
HMGA1,0.44737488,1
ABL1,0.9700153,1
SMC3,0.83758664,3
EPC2,0.02425916,3
CBX2,0.23282276,3
BMI1,0.0764062,3
E2F1,0.9736415,1
PHB,0.04916503,3
RBBP7,0.971632,3
IRF1,0.95893633,3
TRAF3,0.5088939,3
CASP3,0.7229187,1
CASP6,0.619116,3
CUL5,0.31201577,3
MYD88,0.73012394,1
DTL,0.6945273,3
DKC1,0.0050083473,3
VDAC2,0.45986736,3
NHP2,0.0048854197,3
PPARA,0.92283154,3
MED1,0.68082434,3
SGK1,0.9882543,1
SUZ12,0.70011455,1
RCC1,0.13671528,3
KDM1A,0.98926216,3
HTRA2,0.5728841,3
DHX9,0.25583687,3
STAU1,0.051490672,3
MAVS,0.4121406,3
APEX1,0.94424707,1
SMC1A,0.642959,1
ERCC3,0.9463139,1
ERCC5,0.5854373,3
CUL7,0.18422125,3
PPARG,0.25425082,1
MFN2,0.01681774,3
CD22,0.51104355,3
NID2,0.0018773171,3
ELN,0.17808169,1
TLR2,0.24844393,3
ELP1,0.19964276,0
ELP3,0.38754413,0
RBMX,0.4426339,3
PTPRC,0.14414297,1
SMAD6,0.009378634,3
CBX8,0.2279794,3
SOCS3,0.44370824,3
PHC2,0.06659392,3
TAB1,0.22909729,3
WWP1,0.39080793,3
ACTN3,0.39037108,3
CUL3,0.61022484,1
FCN2,0.08887916,3
CRP,0.7727328,1
HMGB1,0.104650624,3
PHF5A,0.052957505,3
ACTN4,0.024487404,3
MMP9,0.33431116,1
CXCL6,0.003175015,3
MCM6,0.8104933,3
TBP,0.07450937,3
VDR,0.82871944,1
FBXW8,0.28208315,3
VDAC1,0.9772848,3
CPSF2,0.017818445,3
PELI3,0.04609732,3
DCAF8,0.19618511,3
TTK,0.23519485,3
EGR1,0.80521196,3
MSH2,0.71401453,1
SPI1,0.06521039,3
CUL2,0.56537044,3
VHL,0.35523045,1
PHC1,0.0405545,3
HCFC1,0.7017664,3
RYBP,0.8307484,3
FBXW5,0.18333673,3
PRKDC,0.9869284,3
RAD21,0.7583545,1
RBM39,0.8339379,3
KLHL9,0.99165744,2
DCAF6,0.30183712,3
KIF11,0.08187486,0
WDR5,0.09912296,0
ULK1,0.016963255,3
RACK1,0.2456263,0
AEBP2,0.23168173,3
BMX,0.83747,3
DCAF4,0.4395603,3
HMGB2,0.06640654,3
NR4A1,0.101748124,3
MCL1,0.7317146,3
NOP58,0.023204224,3
PDK1,0.99685246,2
AP1M2,0.07616842,3
MYSM1,0.25438446,3
RBM10,0.94328624,1
BECN1,0.13916795,3
TLR4,0.9324861,1
TIRAP,0.4750002,3
TMED7,0.074926466,3
STAT2,0.6613758,3
KEAP1,0.99717194,1
ERCC8,0.11650617,3
CDC42,0.97889596,3
RING1,0.06793882,3
U2AF1,0.42012936,3
FHL2,0.9992495,2
DMAP1,0.83854383,3
CBX3,0.2155092,3
IRF2,0.63056606,3
TLR3,0.53972495,3
RBBP4,0.9943335,2
OPTN,0.4316726,3
UBC,0.9973181,2
MASP1,0.012117943,3
FCN1,0.4680658,3
TRAF5,0.7576412,3
PSMD4,0.23735076,3
MBD2,0.69165945,3
MBD3,0.9178428,3
CRBN,0.36216533,3
ETS1,0.04544187,3
RPTOR,0.14529058,3
MCM4,0.8770736,3
NOP10,0.3053985,0
SYNPO,0.8797699,3
NONO,0.3860217,1
PSPC1,0.0483122,3
LMNA,0.5326948,1
EMD,0.18739913,3
BFSP2,0.015853655,3
KRT37,0.013689072,3
NR1H4,0.9823527,3
PCGF2,0.109085664,0
CBX6,0.11006994,0
KRT85,0.1437395,3
MTA1,0.95478064,3
RBBP5,0.013463467,3
ASH2L,0.009399847,3
SEPT5,0.03869734,3
SEPT8,0.3833459,3
CLK2,0.24970527,3
SRPK2,0.50821304,3
IQCB1,0.1096993,3
BBS2,0.041733567,3
PTBP1,0.15711044,3
SNRPA,0.2739463,3
DDX5,0.96610147,1
SFPQ,0.7906954,1
IFT80,0.01740097,3
IFT46,0.6526777,3
UBXN7,0.72932196,3
LIN37,0.99264574,2
NXF1,0.07614338,3
NPHP4,0.109836526,3
NPHP1,0.009283363,3
COIL,0.794202,3
TAF9,0.08287023,3
UBE2S,0.5043343,3
TAF4,0.49335015,3
TAF12,0.0056085256,3
THAP1,0.4684855,3
RNF4,0.2164761,3
KRT34,0.9229986,3
VAV2,0.39998406,3
LRP1,0.058383606,3
APOE,0.39335874,3
FGFR3,0.24508807,1
STIM1,0.8987749,3
MCM2,0.68741834,3
TERF1,0.006614901,3
CBX7,0.022860391,0
TLX3,0.97969383,1
ARPC2,0.77318215,3
PSMD1,0.21688387,3
ADRM1,0.09340806,3
PSME2,0.6134131,3
PSME1,0.2633915,3
PCGF3,0.2988906,3
ENKD1,0.0060713585,0
KIFC3,0.0814507,0
DLG1,0.3026469,3
IKZF1,0.33857024,1
CCL8,0.9091705,3
CCL13,0.034166876,3
CCL11,0.9280299,3
DPY30,0.8848158,3
PPIL3,0.4408678,3
SLU7,0.3052923,3
SF3A3,0.93914306,3
DHX15,0.32421428,3
RBM8A,0.059297167,3
SF3B2,0.007115356,3
NELFB,0.040095203,0
NELFE,0.04734778,0
BBS1,0.027594883,3
ARL 6.00,0.29236746,3
EIF3F,0.40189734,3
EIF3B,0.4464833,3
LSM 3.00,0.60811234,3
LSM 2.00,0.58712924,3
RIF1,0.048080258,0
CBX1,0.049910408,0
NUP54,0.16984731,3
NUP58,0.036792617,3
PCNA,0.21403825,1
BUB1B,0.24123476,1
RNPS1,0.8468964,3
SF3A2,0.5523778,3
SMC5,0.0938498,0
SMC6,0.07663518,0
CDC20,0.9981907,2
TNNI1,0.032117452,3
TNNC1,0.38131672,3
KRT83,0.322303,3
KRT38,0.035706215,3
AP1M1,0.18553695,3
PRPS1,0.0024101622,3
SPG21,0.31755626,3
PPIL1,0.22577493,3
KRT86,0.21555354,3
DRD2,0.8726302,3
DRD4,0.83875084,3
FBLN1,0.0011068307,3
CXCL5,0.54606974,3
SKP2,0.9777426,3
DCP2,0.7373896,3
CDC73,0.29475194,1
PAF1,0.80990905,3
SF3A1,0.4330409,3
BCOR,0.49297994,1
PCGF1,0.019451668,3
TAF6L,0.102520764,0
U2AF2,0.95061845,3
APOH,0.76997626,3
LDLR,0.066185966,3
MED19,0.5147861,3
MED29,0.20157136,3
LUC7L,0.79307604,3
SRPK1,0.082545206,3
AURKC,0.28467187,3
AURKB,0.46994466,1
RNF8,0.73254395,3
MKKS,0.50457066,3
PSMD3,0.76260084,3
OPA1,0.09996028,3
BNIP3,0.0002912534,3
RET,0.8991587,1
FEN1,0.820773,1
KLC1,0.040454015,3
HSPB1,0.19745333,3
LEO1,0.3314858,3
UIMC1,0.21005169,3
MED6,0.40070334,3
MTA2,0.6707873,3
RFX3,0.8924146,3
MSH6,0.35131457,1
HBM,0.007706772,3
HBG2,0.0017188403,3
DCTN1,0.20580164,1
HDAC6,0.93477964,3
MED20,0.16149843,3
MED18,0.7269551,3
EEA1,0.00011635722,3
RAB5C,0.16669635,3
PCGF5,0.8976022,3
VPS39,0.29033077,3
RILP,0.6383741,3
AHI1,0.08936333,3
DISC1,0.20137331,3
RPP40,0.7688251,3
POP1,0.6155015,3
ERN 1.00,0.43556002,3
OS9,0.011527552,3
FBXW4,0.042993832,3
DOCK8,0.016581362,3
RAB32,0.23106195,3
LRRK2,0.021416605,3
CXCL3,0.4054999,3
CALR,0.6811723,1
PDIA3,0.3596864,3
MED8,0.7509127,3
MED11,0.7413023,3
CCNC,0.92896605,1
TNNT1,0.050381836,3
SGO1,0.023340326,0
IFT27,0.4431494,3
FANCF,0.12775265,1
FANCA,0.05301778,3
XRCC4,0.15277496,3
NHEJ1,0.9694131,3
HDAC9,0.17053717,3
POC5,0.05697223,3
CETN1,0.60117733,3
SPC25,0.30563524,3
FBXL7,0.9782103,3
LMNB1,0.16655205,3
TAF9B,0.007150903,3
CEP55,0.5373058,3
PIAS2,0.9102439,3
C2CD3,0.008813754,3
BBS5,0.41899148,3
TTC8,0.28670543,3
BBS7,0.019378072,3
EIF3A,0.7653532,3
LMO4,0.30437323,3
LDB2,0.2860643,3
RFC4,0.7766029,3
CDC6,0.907729,3
KRT35,0.03997675,3
GGA1,0.32179958,3
GGA3,0.11930359,3
OCRL,0.516928,3
NUP62,0.24436328,3
NR1H3,0.82341397,3
PSMD7,0.22301473,3
MYOZ3,0.07361078,3
FHL3,0.1316994,3
EXOC2,0.08225639,3
EXOC1,0.040940076,3
ORC1,0.91100025,3
ESR2,0.97858626,1
MSH3,0.04250389,3
THOC7,0.10729829,3
THOC5,0.15795037,3
MCRS1,0.46280587,3
TADA3,0.020881496,3
SGF29,0.17680013,3
WDR83,0.3810558,3
STT3A,0.14272104,3
RPN1,0.3123206,1
TAF1,0.02685849,3
TNNT2,0.091265015,3
SRSF9,0.05610325,3
ATF4,0.1782631,3
HIP1,0.8065873,1
ORC2,0.27463514,3
ORC5,0.9988287,2
PCBP1,0.25984722,1
IFT81,0.06239436,3
SF3B4,0.17816395,3
BATF2,0.3585491,3
EIF3H,0.4326227,3
BBS4,0.12628323,3
STAG2,0.57225555,3
MED30,0.85769904,3
MCM3,0.9800434,3
STX3,0.0073277503,3
STX4,0.06662198,3
CEP70,0.8963873,3
RAB5A,0.7879476,3
CTR9,0.00034636323,3
BAHD1,0.42480478,3
SRSF7,0.53405434,3
SET,0.36800885,1
PUF60,0.9375215,3
EVL,0.45997155,3
ZYX,0.9604666,3
SYVN1,0.043212373,3
EPHA7,0.58242524,1
EPHA2,0.6390409,3
IFT74,0.0033543236,3
BBS12,0.017260563,3
PSMD2,0.912118,3
PPIE,0.0701395,3
AQR,0.047456194,3
SEPT2,0.014098387,3
ARF6,0.017606584,3
LMNB2,0.9171574,3
MED4,0.2181802,3
CLPP,0.011304525,3
CLPX,0.48402366,3
RFC3,0.051298846,3
INSR,0.82125604,3
TBL1X,0.86715984,3
NPC1,0.42163348,3
DCTN2,0.42363206,3
ERBB4,0.998351,1
ABI2,0.5518937,3
MED31,0.10121695,3
DPM3,0.5413188,3
DPM1,0.3072823,3
HTRA1,0.35267708,3
VPS25,0.0061635477,0
SRSF2,0.5233157,1
MED16,0.049387902,3
MED24,0.22380704,3
MMS19,0.68505555,3
APOA1,0.6993131,3
LCAT,0.05657212,3
IFT88,0.0048487033,3
IFT52,0.119686805,3
KAT6A,0.7076289,1
BMF,0.5431124,3
CENPH,0.7260845,3
MED9,0.7763601,3
GGA2,0.02344598,0
CDK5,0.09638832,3
VPS16,0.006549449,3
UHRF1,0.4766858,1
DNMT1,0.1368323,3
VRK1,0.077275515,3
PICK1,0.045612123,3
RAB5B,0.24803162,3
SRRM1,0.17011584,3
DCTN3,0.48204938,3
ING2,0.98167956,3
CEP63,0.27480233,3
PIBF1,0.00025971505,3
TPM1,0.87641764,3
AURKA,0.7193689,1
HGS,0.8469527,3
E2F2,0.33083445,3
WDR35,0.11715708,3
WDR19,0.32706806,3
MYOM2,0.7032184,3
ACTN2,0.1803819,3
VAMP8,0.0026820197,3
STX7,2.4374418e-05,3
SEC13,0.031207107,3
EXOC7,0.006653178,0
IFT20,0.023524553,0
DDX20,0.54716074,3
FUS,0.96525615,1
HJURP,0.9319086,3
CENPA,0.007532237,3
FXR2,0.9124101,3
FMR1,0.29555777,3
CIAO1,0.44898045,3
RAD17,0.26342824,1
NBN,0.23620933,3
CLK3,0.96165246,3
TFB2M,0.41873062,3
MARC1,0.04366043,3
NUF2,0.06924307,3
CHD4,0.13228251,1
EDC4,0.15011571,3
TOE1,0.19409145,3
HOOK2,0.18821831,0
CTC1,0.97501695,3
STN 1.00,0.15245382,3
IDE,0.42756203,3
INS,0.0063173184,3
NOL11,0.15624434,3
UTP4,0.002069165,3
ISY1,0.066477485,3
DHX8,0.005169602,3
TEKT4,0.23363404,3
OFD1,0.32353738,3
TEC,0.25440463,1
ACD,0.39445865,3
RAC3,0.92966795,3
RNF11,0.8184065,3
FBN1,0.0016431364,3
LTBP1,0.018962307,3
MGME1,0.25967285,3
WASF1,0.89839107,3
ZER1,0.7884414,3
BIRC5,0.25791475,3
KIF3C,0.044457808,3
KIF3B,0.25067747,3
SRP19,0.8975794,3
SRP68,0.0038217667,3
IFFO1,0.025068294,3
GORAB,0.93579495,3
TFAM,0.045104746,3
TFB1M,0.52873784,3
FANCG,0.7036306,1
FANCE,0.5905186,1
FANCC,0.13085607,3
ORC3,0.2901123,3
KMT2A,0.551811,1
RAB8A,0.037994698,3
MKS1,0.28811395,3
B9D2,0.0064167106,3
B9D1,0.0057456275,3
TULP3,0.5306342,3
STOM,0.20163354,3
NUBP2,0.9422245,3
PRPF3,0.33436844,3
CDC5L,0.24534842,3
PLRG1,0.0122198975,3
NDEL1,0.1261097,0
MTUS2,0.0054513966,0
MATR3,0.07645661,3
GRB10,0.9957318,2
MED7,0.72926193,3
MED10,0.50786144,3
PTBP2,0.92759305,3
APOB,0.13232051,3
KRT81,0.036371134,3
TRIM8,0.60492396,3
MSL2,0.016524008,3
MYOD1,0.997035,1
UBE3A,0.6105259,3
CENPE,0.15814532,3
APOA2,0.4430154,3
ARPC4,0.01599107,3
ARPC3,0.9696843,3
SRSF4,0.9524813,3
WNT7A,0.0059176376,3
GFAP,0.94083244,3
GMCL2,0.6447145,3
FXR1,0.14970852,3
WFS1,0.17500252,3
SP100,0.23706314,3
PIGH,0.04375375,3
PIGQ,0.2587589,3
SRSF1,0.97602355,3
POP5,0.89203024,3
RPP30,0.1063302,3
PEX5,0.9988851,2
PEX12,0.07873285,3
PCGF6,0.05990568,3
CBX4,0.06602334,3
VAMP3,0.39458013,3
EDC3,0.26536244,3
DDX6,0.5400826,1
EIF3G,0.4430164,3
EIF3I,0.025363706,3
SRSF3,0.7760815,1
CHD8,0.09207371,3
CNPY3,0.65117973,3
RBM4,0.012082615,0
RP1L1,0.01741398,3
ARL 3.00,0.18372405,3
LASP1,0.23036553,3
PEX2,0.06242128,3
TPM4,0.75562716,1
TPM3,0.8963829,3
VPS41,0.02686751,3
ACOT8,0.30909026,3
HAUS1,0.783855,3
NUP98,0.648543,1
CREB3,0.30695575,3
AIF1L,0.025251186,0
PROM1,0.008261485,0
EHD1,0.25470203,3
EHD3,0.036479164,3
AGO2,0.07564095,3
MEF2C,0.21108633,3
CDK7,0.9052343,3
SEPT7,0.089906655,3
SEPT9,0.09200577,3
LTBP4,0.45445836,3
RRAS,0.96728855,3
AP1G1,0.049413912,3
RFC5,0.8827295,3
AGO1,0.2672708,3
KIF3A,0.07694783,3
TAF2,0.3253086,3
WDR43,0.0011710721,3
UTP15,0.0006381688,3
LIN9,0.11398931,3
LRP6,0.44896868,3
SNX3,0.10253131,3
RAB7A,0.6884209,3
ZMYM2,0.9840259,1
MCM5,0.49046758,3
ORC4,0.27306896,3
PRKN,0.84956306,3
SYNE2,0.5023936,3
EBP,0.068521775,3
HMOX2,0.00047811426,3
ACOX1,0.86382276,3
SENP2,0.46415707,3
WNT5A,0.023855444,3
PIGC,0.0357037,3
SF3B1,0.83377475,1
STX12,0.08142459,3
CCL21,0.020033352,3
CCL24,0.043847296,3
CHMP6,0.008321522,3
PSMD8,0.041656803,3
CNTRL,0.28658158,1
CSTF2,0.017530642,0
UBXN1,0.50402135,3
MECP2,0.90028787,3
FOXA1,0.11844926,1
NOP56,0.22824599,3
HAUS4,0.46844098,3
VPS18,0.75398886,3
IFT57,0.035611495,3
EZH1,0.6097923,3
BRCC3,0.60087055,3
LIN52,0.012458005,0
FZR1,0.1334605,3
PATL1,0.02173617,3
DDX23,0.9789292,3
FBN2,0.03762223,3
MYO6,0.5477173,3
CCL7,0.10006509,3
LZTS1,0.37054634,0
MSL1,0.020730656,3
KAT8,0.02766778,3
JADE2,0.23523225,0
VASP,0.7083315,3
NOTUM,0.11671871,3
KMT2C,0.77527094,1
EIF3J,0.68576664,3
TNNI2,0.059317764,3
NFX1,0.07299534,3
TAF13,0.28497294,3
TAF11,0.04237801,3
MED14,0.54984885,3
HDAC4,0.7884849,3
ING5,0.64282876,3
TAF10,0.61401266,3
TAF8,0.009945956,3
CCL26,0.25004795,3
CCL17,0.030004708,3
HES6,0.568655,3
PAAF1,0.23387612,3
HMGN2,0.58277476,3
CENPC,0.578218,3
TNNC2,0.11057696,3
TNNI3,0.06259835,3
CEP95,0.2180898,0
AHR,0.08250338,3
WWTR1,0.66822433,1
TMED1,0.8928198,3
EXOC3,0.07776096,3
VAPB,0.010162557,3
JAGN1,0.38461646,3
PHF6,0.5665955,1
LYAR,0.058487106,3
USE1,0.036797006,0
BSCL2,0.004795417,0
AKT2,0.45771626,1
PPARD,0.22051232,3
DLG2,0.75640726,3
SF3B6,0.43808424,3
TCHP,0.034399647,3
EXOC6,0.14055343,3
SYNE1,0.49965614,3
TAL1,0.19298325,3
LATS1,0.32691544,3
VPS35,0.41624454,3
ABI1,0.6621386,1
HOOK1,0.6960718,3
HOOK3,0.15341438,1
CCL22,0.030313522,3
CCL14,0.32163888,3
XCL1,0.0057847644,3
CCL28,0.23355442,3
CNOT1,0.101176895,3
CNOT7,0.42770827,3
IDH3A,0.826421,3
IDH3B,0.13927263,3
MYO10,0.4588644,3
FSCN1,0.21018583,3
IRS4,0.06567752,3
VPS36,0.010070687,3
SNF8,0.0306498,3
EPHA4,0.14911343,3
MYH9,0.97480166,1
MYL9,0.5114261,3
UCHL5,0.079625525,3
PDIA4,0.6065431,3
PPIB,0.85701436,3
PINX1,0.8663509,3
RFC1,0.79464066,3
MYH10,0.09040182,3
TRIM5,0.6643685,3
MKRN3,0.09122202,3
FREM1,0.7838083,3
FREM2,0.60749507,3
ERCC2,0.6452457,1
TEAD4,0.86371,3
TAF5,0.21608073,3
PAK2,0.415349,3
MGST3,0.13513035,3
CD2AP,0.20054899,3
MACF1,0.7702407,3
NEK6,0.22230102,3
DPM2,0.60942215,3
SF3B3,0.9133804,3
CDC7,0.052296497,0
C1QBP,0.8747262,3
DCTN6,0.49088177,3
MED21,0.35322788,3
VPS11,0.30467308,3
SIAH1,0.4259794,3
BAZ1A,0.5294002,1
BAZ1B,0.027308809,3
STIP1,0.4321904,3
ING4,0.18607807,3
AKAP6,0.758579,3
RYR2,0.5562386,3
PDS5B,0.11774079,3
CXXC1,0.060090907,0
PARK7,0.4597605,3
XPC,0.6982387,1
MED17,0.47951952,3
MED27,0.23282015,3
NSD2,0.9609634,1
TAF3,0.13265735,3
NEK2,0.16498265,3
NCF4,0.15029165,3
NR2C2,0.5930411,3
LAMP2,0.3292116,3
NAGK,0.21991356,3
BBS10,0.10969986,3
PCBP2,0.88694155,3
SRSF5,0.15394096,0
PIGA,0.02571818,3
XCL2,0.0026532423,3
CCL20,0.13258825,3
HBB,0.012327626,3
NSD3,0.65334207,1
SNURF,0.059339676,0
UBE2T,0.20435871,0
PLIN5,0.82512486,3
EPS15,0.2220001,3
NUDC,0.38153335,3
ZW10,0.14361064,3
FANCL,0.07160136,0
SOX2,0.21981108,1
KDM6A,0.9872349,3
FGFR1,0.6018623,1
PRAP1,0.6091761,1
MEP1B,0.07902837,3
ELL,0.67084527,1
CHD3,0.98392963,3
PPIF,0.9861826,3
DSC2,0.22253925,3
DSG2,0.0061083967,3
BCL6,0.9108066,3
SSRP1,0.23773454,3
CFTR,0.07144669,3
ODF2L,0.46636698,3
RPA2,0.028212951,0
SEM1,0.14681156,0
PPIH,0.14223506,3
ASXL1,0.40229452,1
CISD2,0.55238324,3
TPR,0.9307005,1
CNOT3,0.54147404,1
WAPL,0.13923725,3
AP1B1,0.02265103,3
ERCC6,0.8618512,3
CDK8,0.038501743,3
THOC1,0.24576934,3
MED26,0.715085,3
EAF1,0.31953517,3
AP1S1,0.76717293,3
INVS,0.024761459,3
MED12,0.5276217,1
EIF3D,0.36140135,3
RRP1,0.009796413,0
RRP1B,0.0108025195,0
KIF23,0.14197196,3
ECT2,0.51887804,3
CSN2,0.46641546,3
CSN3,0.047150724,3
ORC6,0.33517703,3
EPB41,0.22371364,3
COPB2,0.4862678,3
EXOC8,0.0942586,3
DCAF7,0.9795272,3
DCC,0.8210298,1
CXCL2,0.6626713,3
CCL5,0.7363983,3
ATG9A,0.15661834,3
CBY1,0.060975425,0
SREK1,0.21491683,3
CCL18,0.14125185,3
FOXN3,0.6582424,3
FOXR2,0.0998473,3
RPA1,0.25939283,3
MYF5,0.035262927,3
CTCF,0.897867,1
MMP2,0.57333934,1
EXOC4,0.5891547,3
SRSF6,0.8537493,3
STAG1,0.19670156,1
CCL27,0.045499947,3
SPAG5,0.19131958,3
VDAC3,0.12167761,3
RCOR1,0.14275788,0
CAPZB,0.07617635,3
WBP4,0.056216534,3
ATR,0.9907851,2
LSM 4.00,0.623363,3
KDM2B,0.9302061,3
CCNH,0.24339099,3
XPO5,0.7428083,3
PPM1G,0.0796306,3
MBD1,0.87169874,3
LRIF1,0.07300776,3
APOC3,0.01596462,3
CDCA5,0.15030015,3
DDX42,0.7502379,3
LSM 6.00,0.5534881,3
MYO1B,0.9935243,2
SF3B5,0.5705066,3
CEP89,0.3521517,1
GSK3A,0.40231866,3
TINF2,0.59933776,3
BOP 1.00,0.0013948898,3
WDR12,0.11106358,3
MYOG,0.027037567,3
XRN2,0.022346914,3
DDX21,0.13978723,3
VTA1,0.2166591,0
EIF3C,0.4767168,3
XRCC1,0.95064366,1
SUGP1,0.9686377,3
LCA5,0.16162588,3
RC3H1,0.009503934,3
PMS1,0.46735582,3
ANK3,0.0032917995,3
FLNC,0.026283313,3
RPP21,0.5820302,3
RBM5,0.15986237,0
GRIA3,0.43524814,3
SATB1,0.46392766,3
STAM2,0.5893675,3
AXIN2,0.8319387,1
CTAG2,0.89132875,3
CENPB,0.2929564,3
XIAP,0.6849674,1
UBE2W,0.47315848,3
NUPR1,0.74868166,3
DCTN4,0.2561299,3
HAUS3,0.0074850717,3
MYBPH,0.6492939,3
ROCK1,0.29187337,3
PGAM5,0.007857536,3
DDIT3,0.9992859,1
UBE2N,0.15443875,3
RFC2,0.2601529,3
HDAC5,0.8164084,3
RAB4A,0.18420526,3
NDRG1,0.605862,1
SRRM2,0.5305159,3
UBE2A,0.6386162,3
TLK2,0.50525415,3
TPM2,0.88491046,3
BAG1,0.6082334,3
CCR5,0.9527138,3
CD4,0.030885141,3
LAMC1,0.2860275,3
LAMA5,0.9585436,3
RBM22,0.31492862,3
CWC15,0.057127852,0
MCM10,0.36812603,3
NINL,0.021203294,0
NOS2,0.99515057,1
IDH3G,0.89271957,3
PINK1,0.19658355,3
TRA2B,0.41502535,3
PARD3,0.08610344,3
TIAM1,0.13540523,3
NEK7,0.287932,3
NR0B2,0.71665126,3
DNM1L,0.10747273,3
HDAC8,0.08008764,3
TGS1,0.04597879,3
GATA2,0.99625945,1
PIAS3,0.32447466,3
TGFB1,0.29179275,1
CD82,0.6914489,1
E2F3,0.58945537,3
KMT2B,0.6512444,3
ANXA7,0.20497447,3
PDCD6,0.42271832,3
SSNA1,0.008608732,3
NUP37,0.9712775,3
TANC1,0.9506921,3
ACLY,0.5358182,3
BRAP,0.0706004,3
MYO1D,0.21871118,3
STT3B,0.10548529,3
APOC2,0.031423744,3
RUNX3,0.99952126,2
CCNB2,0.99929607,2
RBP2,0.015099424,3
MYH7,0.027892416,3
TAF7,0.40683725,3
RPP38,0.7413729,3
REST,0.53158176,3
MED13,0.39602193,3
ARPC5,0.97985613,3
PCM1,0.3337595,1
CALM3,0.53391767,3
CDC23,0.08231477,3
LATS2,0.5133496,3
TAF6,0.0017263809,0
MED23,0.1841414,3
CTBP1,0.25358972,3
CASC3,0.06275127,0
TIMP1,0.5663643,1
MMP1,0.3304832,3
FBXL3,0.097769186,0
TAF5L,0.007346223,0
SAP18,0.93626755,3
BMP1,0.06782,3
CHRD,0.07568302,3
BRD4,0.9956792,1
LARP7,0.4404165,3
MED15,0.99129725,2
WDR62,0.624927,3
THOC6,0.24756046,3
THOC2,0.3802627,3
CPSF3,0.02470179,0
SYMPK,0.11664726,0
NEDD8,0.9928046,2
VAMP7,0.20759538,3
STX6,0.38080716,3
FANCB,0.23068684,3
FANCM,0.0077070673,3
PYM1,0.78857493,3
REC8,0.67937684,0
RPRD2,0.0041534244,3
RPAP2,0.9402694,3
NSL1,0.6065413,3
MIS12,0.6479708,3
NEDD4,0.80519,3
NUP43,0.46868122,3
NUP85,0.01291905,3
DSN1,0.15098774,3
EHMT2,0.057692148,3
HAUS8,0.31131983,3
HAUS5,0.56109595,3
JADE3,0.28500187,3
KAT6B,0.8355412,1
BRD1,0.14892897,3
WDR82,0.35533327,3
MEN1,0.5334021,1
PMF1,0.09963611,0
TADA1,0.011275213,0
CENPN,0.71948946,3
CPSF1,0.035806846,0
CPSF4,0.08242904,0
CIRBP,0.17093349,3
TDRD7,0.063418634,3
TOX4,0.9253489,3
TOP3B,0.84972876,0
PHF20,0.053467955,0
BAZ2A,0.22379337,3
ZEB1,0.9992505,1
SIN3B,0.999017,2
ATG5,0.7786153,3
RBM14,0.8289544,3
ILF2,0.0873901,0
ILF3,0.25215313,0
C1QC,0.027271941,3
C1QA,0.020899115,3
NAT10,0.44862998,3
API5,0.8775132,3
SENP3,0.8266795,3
DDX46,0.70004576,3
RALY,0.34620324,0
DDX41,0.9879474,3
DDX3X,0.014176651,0
SMC2,0.9911012,2
TONSL,0.97212064,3
GATA3,0.9865428,1
PARP2,0.7687286,3
ECSIT,0.036573473,0
ACAD9,0.042110506,0
ABCF1,0.530299,3
PSME3,0.089127764,3
PSME4,0.3123836,3
PSMF1,0.954834,3
PSMD9,0.38228038,3
FOXK1,0.9999882,2
FOXK2,0.9396501,3
FOXL1,0.18463008,3
FOXO6,0.82828134,3
SATB2,0.6593785,3
FOXS1,0.29117417,3
PBX2,0.519415,3
MEF2A,0.41637608,3
KIF5A,0.13151215,3
CPSF6,0.011571782,3
ALDOA,0.6687719,3
AIFM1,0.9854256,3
RRS1,0.21223791,3
TKT,0.21485314,3
STRAP,0.99290645,2
PGAM1,0.9500166,3
CTBP2,0.99639684,2
FOXB1,0.016364342,3
FOXC1,0.746064,3
FOXE1,0.45058244,3
FOXG1,0.2564791,3
PRDX1,0.8810979,3
CD9,0.71989214,3
CENPT,0.31085452,3
KIF2C,0.11202169,3
SGO2,0.2790944,3
CEP76,0.022008108,3
CEP97,0.021468934,3
RNF31,0.11760922,3
PSMD5,0.39740983,3
TWSG1,0.22644544,3
FBLN2,0.099825725,1
NPHP3,0.2730861,3
SYNRG,0.00011205659,0
AP1G2,0.050303884,0
AP2A2,0.016902968,3
MMP8,0.38180068,3
TIMP2,0.07906207,3
ATF1,0.9456046,3
EPN1,0.48784363,3
NRIP1,0.33706778,0
MMP13,0.14168806,3
RGS6,0.1226805,3
GNB5,0.042104878,3
PEX7,0.8073847,3
PEX10,0.053593993,3
RYR1,0.4274655,3
TRDN,0.94839716,3
CXCR4,0.9926277,1
MFAP5,0.26307514,3
ECM1,0.024005584,3
NID1,0.8293781,3
DOCK2,0.09409251,3
NUP50,0.2502529,3
MATN1,0.36164513,3
MATN2,0.15513675,3
PLD2,0.70818925,3
GFI1B,0.19750006,3
RXRG,0.86408037,3
NR1I2,0.38912416,3
NTRK3,0.7071828,1
MMP7,0.5669956,1
FGR,0.76603764,3
GNAT1,0.073001936,3
RGS9,0.4353548,3
GRIK5,0.017844768,3
GRID2,0.12271266,3
BCR,0.9699332,1
CNR1,0.6826604,3
DVL1,0.6104399,3
SUMO2,0.44024548,0
NARF,0.117448136,0
MMP3,0.095987335,3
TIMP3,0.013325624,3
PLTP,0.42389128,3
LIN7A,0.60882616,3
ARNT2,0.4083495,3
CD28,0.57215303,1
PURA,0.30722004,3
PURB,0.118987076,3
MATN3,0.22359115,3
PALLD,0.23559003,3
NTRK1,0.42723256,1
USF1,0.044962153,3
TOP2B,0.32599148,3
GRIK2,0.8786151,3
SH2B3,0.53224623,1
RPGR,0.29412553,3
RHOQ,0.6328436,3
WASF2,0.004200263,3
BRD8,0.2160686,3
NOLC1,0.13749379,3
RXRB,0.43771324,3
EPN2,0.2768415,3
CASP9,0.04037512,3
DAG1,0.7316752,3
PROC,0.009959529,3
THRB,0.011888542,3
RTN4,0.0103318915,3
DRD5,0.0135684665,3
MAML1,0.3735834,3
TMOD1,0.37211382,0
AP2S1,0.10306463,3
UVRAG,0.28223073,3
KIF5C,0.5560352,3
GRIA4,0.29009226,3
FAF1,0.07738899,3
XPOT,0.4740582,0
MYB,0.84468335,1
NR2F6,0.4134207,3
LAMB3,0.05811465,3
DDX1,0.017552445,3
GNA11,0.55248004,1
PKP3,0.16999702,3
ASPH,0.0066586826,3
MMP10,0.04730765,3
AP3D1,0.022469455,3
AP3S2,0.5441629,3
BMP2,0.19879414,3
SUMO3,0.9233377,3
TYK2,0.02119616,3
BACE1,0.0072624274,3
COPA,0.59126866,3
TMED2,0.35401788,3
NXF2,0.2317036,3
TAF7L,0.491333,3
UBB,0.9185681,3
KLC3,0.37591985,3
PRELP,0.29512691,3
SRP54,0.18994005,3
KLC2,0.067788735,3
NUP93,0.04945245,3
NDC1,0.83573323,3
BRAF,0.6963956,3
LIN7B,0.3331269,3
HIRA,0.058338244,3
CASQ2,0.04546731,3
PCNT,0.50627357,3
HNF1A,0.6615172,1
FRS3,0.35716295,0
GDF7,0.65613246,3
BMP7,0.20935826,3
AP3S1,0.034002323,3
AP3B2,0.5734079,3
LAMC2,0.06925625,3
TOP2A,0.045120697,3
LAT,0.57102513,3
LSM 7.00,0.055528753,3
LSM 1.00,0.032224417,3
APOL1,0.020361772,3
DGKZ,0.85526466,3
BSN,0.24072278,3
ERC2,0.038879886,3
CD2,0.12994671,3
SYT1,0.47637892,3
MSX1,0.9989384,2
SGCD,0.0024102966,3
SGCB,0.48526478,3
SGCG,0.0037219438,3
CDC45,0.14564463,3
SMC1B,0.9229934,3
ITPR3,0.45491415,3
ITPR1,0.54232043,3
FAF2,0.9098225,3
APOC1,0.40676448,3
HAP1,0.6883089,3
EPOR,0.0047206045,3
KLK3,0.04297102,1
AP4E1,0.76993626,3
AP4B1,0.09626081,3
EIF3L,0.17404555,3
SYN1,0.24448538,3
SGCA,0.20069811,3
RYR3,0.38148516,3
MAGI1,0.08954259,3
AMOT,0.620766,3
ARF1,0.005833569,3
CBLC,0.885689,1
AP3B1,0.17982943,3
POP7,0.905613,3
SALL1,0.9940561,2
LBR,0.44371563,3
TIMP4,0.54880464,3
SCP2,0.98107487,3
EP400,0.037465725,3
MRGBP,0.008805951,3
CPT1A,0.05450782,3
PKP2,0.17541142,3
NOXA1,0.037062302,3
GRIK1,0.34715393,3
SRP72,0.30092552,3
PAX6,0.3032526,3
CD59,0.38292852,3
RAD1,0.0029423959,3
RAD9B,0.08043818,3
CCNL2,0.8696156,3
NUP88,0.89094925,3
FBF1,0.01729524,0
PLK4,0.822434,3
GRIK3,0.27931225,3
INHA,0.3275312,3
INHBA,0.608287,3
LAMP1,0.18853322,3
IGSF5,0.34576884,3
TGFB2,0.086748555,3
RGS7,0.61950475,1
ICAM1,0.08415752,3
TRIP4,0.007314987,3
RARB,0.9683042,3
GNAQ,0.5665196,3
CDX2,0.7036763,1
RASA2,0.69471675,3
CD36,0.950838,3
TNNT3,0.5427583,3
HAND2,0.4997947,3
GRM3,0.8019685,1
GRM7,0.5749624,3
GRM8,0.09153897,3
GRM2,0.11452211,3
DEAF1,0.96665335,3
CLOCK,0.52694404,3
PDIA2,0.014471772,3
P4HA3,0.014467386,3
STX5,0.10936223,3
SRCAP,0.9884438,3
PIGP,0.045919195,3
GRIP1,0.05459369,3
ATRIP,0.99900407,2
NLGN1,0.5777101,3
EFNA2,0.014559895,3
CLIP1,0.97380495,1
TCEA2,0.27536616,0
RNF41,0.011653779,0
AP4M1,0.7314495,3
DERL3,0.44828546,3
AMFR,0.19382477,3
ENY2,0.34550112,3
STAG3,0.5528106,3
KAT7,0.061111454,0
SVIP,0.0071545835,0
DERL1,0.11921421,0
MPDZ,0.5830343,3
UBL4A,0.008762158,3
GET4,0.0009400898,3
SLX4,0.19528097,3
TBPL1,0.04741211,0
ITCH,0.24045064,3
DERL2,0.11030172,3
HELLS,0.84502745,3
KMT5C,0.1515377,0
RERE,0.9960043,2
SNAI2,0.37586603,3
CARM1,0.9993166,2
GLI3,0.7995848,3
VPS4A,0.32391384,3
CRX,0.9396511,3
INO80,0.504114,3
NFRKB,0.20407094,3
TFPT,0.8411228,1
CENPO,0.01863774,3
RMI1,0.55322623,3
OAZ1,0.86576647,3
MAF,0.83847713,1
OCLN,0.9956132,2
MYCN,0.97193503,1
MYO5C,0.73371625,3
TAF4B,0.6822482,3
GNAI2,0.10225871,3
DCAF1,0.20992453,3
PJA2,0.966496,0
RBM28,0.39577135,3
LIN54,0.016051989,0
ZWINT,0.8674639,3
MYO5A,0.89830416,1
TEAD1,0.987379,3
TLN1,0.0921204,3
LAMB1,0.678728,3
UHRF2,0.4925284,3
ZBED1,0.24294826,3
FOXJ3,0.9731338,3
ELL2,0.98397046,3
KDM5B,0.19233736,3
NPAT,0.26798037,3
CALD1,0.99735534,2
SKA1,0.3326198,3
SCML2,0.74950546,3
VPS28,0.24427581,3
EPN3,0.3866589,3
ZNRF1,0.05744064,3
ZNRF2,0.09793455,3
TFAP4,0.045512382,3
DGCR8,0.99285287,1
GPN3,0.16056459,0
WWP2,0.03618346,3
LRWD1,0.17951371,3
STRN,0.8557422,1
THOC3,0.30784628,3
TYRP1,0.9741867,3
MPC2,0.10005524,3
EDEM1,0.29130742,1
EID3,0.34478432,3
FAS,0.514074,1
REPS1,0.45628652,3
PBX1,0.96908754,1
UBE2C,0.14059983,3
PIGU,0.08032437,3
PIGS,0.08686697,3
PIGT,0.19040266,3
CNOT9,0.29322436,3
RPN2,0.00744059,3
COG8,0.21406256,3
COG6,0.006305416,3
COG2,0.0987439,3
MYL6,0.012832541,3
GAR1,0.0042382274,0
GNAI1,0.07084746,3
MAGT1,0.49178886,3
RBM25,0.9997125,2
MTREX,0.07961,3
GNL3,0.091901116,3
CPSF7,0.20235607,3
SURF1,0.35423997,3
COX15,0.00020644117,3
SON,0.9839622,3
ACSL3,0.1085748,1
ACSL4,0.0013812259,3
KLC4,0.02053396,3
MYL6B,0.14600354,3
MPV17,0.22357573,3
VAPA,0.3229813,3
CDK13,0.38717857,3
PSRC1,0.7973148,3
VPS4B,0.8658699,3
CNN2,0.81730574,3
DDX24,0.16196938,3
DDX31,0.012941343,3
MYO1E,0.022264656,3
MYH11,0.78215533,1
EHD4,0.03127033,3
GRHPR,0.4930488,3
SRP14,0.030959332,3
HYOU1,0.12622784,3
ACOX3,0.4807675,3
DECR2,0.35274515,3
ECH1,0.17084011,3
PECR,0.014847961,3
HACL1,0.18590714,3
PRDX5,0.31191772,3
GNPAT,0.36534494,3
GSTK1,0.17456834,3
HMGCL,0.5949677,3
BAAT,0.47248468,3
DHRS4,0.15696113,3
ACOT4,0.91748434,3
PNKP,0.8423321,3
PTCD3,0.9118106,3
VCAM1,0.12071413,3
HSDL2,0.9886658,3
RAB2A,0.20679012,3
MTA3,0.8791861,0
TMED9,0.10067443,0
DCLK1,0.22945303,3
UCHL1,0.4436295,3
SNX5,0.5499131,3
MAIP1,0.27991903,3
PSIP1,0.8025384,1
ANLN,0.46171397,3
ACADM,0.0930639,3
BAG3,0.172997,3
UGDH,0.6290349,3
CKAP4,0.3276923,0
ATF5,0.5020954,3
RUFY1,0.07013081,0
ALMS1,0.33736685,3
CSPP1,0.23310712,3
NIN,0.5561384,1
PIN1,0.15084268,3
AP3M1,0.56570387,3
GANAB,0.2071573,3
MYH14,0.062819265,3
PYGB,0.6628044,3
SAE1,0.61537397,3
UQCC2,0.3613001,3
UQCC1,0.82217735,3
GRSF1,0.113775775,3
DHX30,0.61919206,3
ACOT9,0.0007198742,3
SPRTN,0.34600013,3
WIPI2,0.12165876,3
MARK4,0.32260567,3
NSD1,0.90024453,3
NANOG,0.1298944,3
MAML2,0.2079041,3
MGST1,0.1480214,3
CDIPT,0.5030986,0
CDC26,0.25712729,3
DAPK1,0.09288382,3
POC1A,0.8129888,3
POC1B,0.0035861386,3
NOL12,0.0019769366,0
NOP2,0.5811742,0
RBM34,0.025945261,0
PUM3,0.001142079,0
GP1BB,0.35462418,3
GAN,0.8186947,3
RAB3B,0.037322663,3
RAB3A,0.090394735,3
NTF3,0.17206533,3
SYF2,0.3171232,3
DHX35,0.423569,3
RBM4B,0.24946317,0
SEPT3,0.00067433156,3
GNAT2,0.60465676,3
PPM1B,0.6736854,3
CALR3,0.6306704,3
RGPD8,0.4048731,0
ARL8B,0.2746632,3
SEPT1,0.3818207,3
WNT3,0.015803447,3
GALNS,0.44086018,3
NAAA,0.2958362,3
WNT4,0.01625733,3
PON2,0.21934533,3
MYH6,0.5725924,3
LMAN1,0.7928226,3
ARF5,0.15948465,3
CALU,0.9782714,3
CISD1,0.40952873,3
COX5A,0.6579162,3
COX5B,0.6929397,3
CLIC4,0.33140627,3
DCTN5,0.7296407,3
DDX18,0.9235021,3
DDX47,0.4780539,3
NOC2L,0.27636358,3
DDX52,0.045921825,3
HIBCH,0.028753582,3
ECI1,0.006006026,3
DDX56,0.18519586,3
LMAN2,0.010403581,0
PDIA6,0.07312105,0
MYH3,0.004804018,3
IMP4,0.2837251,3
NMD3,0.35244095,3
GNL3L,0.25907075,3
PDE12,0.9914511,2
MTCH2,0.014732518,3
PHB2,0.33129147,3
PRDX2,0.0018322845,3
GLOD4,0.09194905,3
POMP,0.9534214,3
RPE,0.37806088,3
TRIO,0.15135592,3
RPF2,0.011546187,0
TBL3,0.008610568,3
WDR3,0.12841687,3
RSU1,0.10516141,3
TMOD3,0.9666864,3
MYH8,0.26399136,3
MYH7B,0.15726191,3
TSR1,0.66605794,3
SRF,0.026528148,3
CENPJ,0.07951247,3
HERC2,0.5622452,3
UXT,0.9412655,3
TPGS1,0.024357485,0
CEP44,0.07963051,0
KIF14,0.27460435,3
SCLT1,0.05933237,0
CKAP2,0.18310034,3
KIF7,0.9321403,3
CENPF,0.1460779,0
KIF2A,0.9886651,3
MYH13,0.73726904,3
MYO19,0.902277,3
LIMA1,0.1703793,3
MYO5B,0.5030786,3
SOAT1,0.19631556,3
SVIL,0.5978535,3
MTX2,0.40318325,3
CLIP2,0.74992627,3
IST1,0.45180893,0
TTLL5,0.25855255,3
RAI14,0.95043534,3
H2BFS,0.14418034,3
ELMO2,0.7498893,3
MRM1,0.0124984775,3
EMC2,0.2895734,3
MZT1,0.07969132,0
MZT2B,0.3622103,0
LSM 10.00,0.008500899,3
NEXN,0.89413047,3
MZT2A,0.28366,0
KMT2E,0.7964845,3
COQ9,2.94882e-05,3
COX11,0.18141551,3
CISD3,0.7313287,3
HSDL1,0.04259807,3
FIS1,0.102975436,3
COQ8B,0.18264773,3
COQ6,0.3132432,3
CYB5B,0.0019954094,3
FMC1,0.07588417,0
LYRM2,0.8734407,0
BCL10,0.70150065,1
CSRP1,0.50932133,3
SSH1,0.19860299,3
AP3M2,0.63402104,3
SYT2,0.7602136,3
AAK1,0.8129372,3
LSM 5.00,0.30305076,3
WNT7B,0.1306684,3
SYT10,0.0032149053,3
SYT3,0.0016967132,3
FGFR2,0.50840175,1
MCU,0.018735973,3
PDCD7,0.018852673,3
ZCRB1,0.2597354,3
LEPR,0.12319524,3
TAFA4,0.85322165,3
KLHL2,0.42482716,3
CNPY2,0.004720842,0
PDIA5,0.006112993,0
GLE1,0.081213616,3
STX11,0.33626947,3
GOSR1,0.31717983,3
GLRB,0.6373809,3
CETN3,0.6584994,3
MTG1,0.0033071074,0
YBEY,0.020923136,0
WDR6,0.17471227,3
IGHA2,0.0958,3
COLQ,0.17935689,3
MYL3,0.31362337,3
CENPV,0.51625705,3
SRSF8,0.047900442,3
RHEB,0.12167753,3
C1D,0.74382746,3
TAFA3,0.014659749,0
GRN,0.023121854,0
ACSM5,0.38664412,3
ATF6B,0.76163596,3
GLMP,0.24546339,0
MTG2,0.6300946,3
EDEM3,0.1062294,3
AVIL,0.44875482,3
SIAE,0.3773104,3
P3H3,0.55776286,3
DNAI2,0.26186827,3
PLOD2,0.69142073,3
PLOD1,0.22337827,3
TDG,0.8312355,3
ERH,0.046566304,3
SFXN1,0.019140761,3
MOGS,0.6487221,3
MYO1A,0.07214995,3
NCEH1,0.65585953,3
CENPW,0.060817033,0
HIC1,0.65652347,3
EGLN3,0.18253723,3
ERG,0.5036235,1
IRF5,0.50948083,3
RMND1,0.49267432,3
SEC63,0.3908233,3
AGR2,0.17875773,3
SETX,0.99517846,2
HELB,0.6848619,3
FGF1,0.18144512,3
ESCO2,0.22235592,3
LDB3,0.8667772,3
SNX9,0.80195147,3
SDC1,0.12005247,3
HMGA2,0.7229846,3
BET1,0.0036527973,3
RAB9A,0.82092106,3
CANT1,0.3332474,1
PNISR,0.6060383,3
VWA8,0.12782189,3
TACO1,0.7818345,3
HINT2,0.1208206,3
SLIRP,0.8189883,3
SCO1,0.6335142,3
COX14,0.33896434,3
COA6,0.48534355,3
CMC1,0.21050185,3
MICU2,0.2701097,3
GRWD1,0.95511055,3
DAPK2,0.06187019,3
WIPI1,0.023724513,0
ERAL1,0.30287004,3
PEX26,0.10179191,3
DMC1,0.75410634,3
TANK,0.1705439,0
GBF1,0.081179,3
BICD1,0.5743268,3
GYS2,0.51288545,3
MCAT,0.45306924,3
OAT,0.024017591,3
ETFA,0.4889126,3
RCN2,0.18280372,3
COX6C,0.3038115,1
MSRB2,0.059987612,3
COX7C,0.19342732,3
COX8A,0.26848438,1
HDHD3,0.9476913,3
ALDH2,0.5641955,1
NLRP3,0.89456856,3
VMP1,0.9358605,3
EHD2,0.08373832,3
GRM1,0.5708466,3
PTPRO,0.57991385,3
TNS2,0.40370044,3
COPG1,0.95678765,3
BIRC3,0.9841323,1
PREB,0.20580435,3
RCN1,0.8191049,3
CCDC6,0.91884536,1
KIF9,0.44038838,3
CEP19,0.120718405,3
UBE4A,0.5460555,3
MYL1,0.11018547,3
OBSL1,0.027914146,3
MIB1,0.22304063,3
BAD,0.47196576,1
DSG1,0.7661193,3
GID8,0.7857224,3
ACOT2,0.99382704,2
PARL,0.4850205,3
NSUN4,0.15201767,3
PPOX,0.01074593,3
CELF1,0.9927983,2
AGO3,0.33803326,3
MMAB,0.7981695,3
MEX3B,0.86087006,3
XRN1,0.9530719,3
HAUS2,0.98040545,3
PCDH7,0.036399186,3
PTPRA,0.17496264,3
MYO1F,0.15354523,3
CORO6,0.27391836,0
STAU2,0.4242535,3
COQ8A,0.2078759,0
GCDH,0.20493329,3
LDHA,0.3470659,3
MYO9A,0.32702893,3
LYRM7,0.042500243,3
COQ5,0.9298308,3
MRM3,0.78705287,3
MCUR1,0.8019732,3
MRS2,0.08190627,0
MTO1,0.46993822,3
DDX28,0.96176165,3
IVD,0.17699815,3
LETM1,0.18553865,3
LYRM4,0.3901944,3
NFS1,0.13451502,3
PDK3,0.23257829,3
PDPR,0.99008,2
TEFM,0.33691874,3
MFF,0.758564,3
TDRKH,0.76027536,0
ETFB,0.5114497,3
OXA1L,0.8972596,3
NUBPL,0.07197949,3
CBR4,0.1046336,3
COQ3,0.5221886,0
RAB21,0.26173505,3
ERP44,0.052840862,0
TBCA,0.9463365,3
PLCE1,0.74346805,3
HMGN4,0.10835303,0
MAFG,0.6524742,3
MYOM1,0.0038322376,3
HGF,0.6127262,1
VWF,0.1723734,3
COMP,0.019650314,3
LOXL1,0.0467611,3
EGFL7,0.060261965,3
LAMA4,0.13674493,3
FOXL2,0.99596846,1
PYGM,0.3894202,3
PHKG1,0.06530551,3
STMN1,0.4858129,3
SV2A,0.5257336,3
