Gene Name,Score
GNPAT,0.6612763
GNE,0.66114515
PPP2R2A,0.661086
SYT11,0.66102034
SLC2A8,0.6609957
DOLPP1,0.6609906
FPGT,0.66096926
SCARB1,0.66094244
MIB1,0.66093844
CDKN1C,0.6609352
NR2F2,0.6609319
PUS1,0.6609132
PMM1,0.660906
GMDS,0.6608965
A4GNT,0.6608822
MYRIP,0.660853
GNPNAT1,0.66083616
ATP6V1C2,0.6608306
MRPS14,0.6608209
MIGA1,0.66082054
NHLRC1,0.6608194
KLHDC3,0.66080534
FUT4,0.66080534
LPIN2,0.6608019
STX5,0.6607954
DSN1,0.6607877
DSE,0.6607865
IFI35,0.66077524
DYNC1LI2,0.66076744
CPSF4,0.6607645
SCN2B,0.66075826
RAB4A,0.6607581
XRN1,0.66075194
TOP2A,0.66075176
GGPS1,0.66074985
GIT2,0.66074044
GDPD5,0.66073686
PCDH7,0.660736
ELAVL1,0.66073155
RHD,0.6607315
BLZF1,0.66072124
TXN2,0.6607206
PAG1,0.66071784
MRPS16,0.66071707
GPAM,0.66071486
VKORC1,0.6607087
CLDN10,0.6607079
MRPL36,0.6607073
HSD11B1,0.6607024
ST6GALNAC5,0.6606968
SLC15A4,0.6606958
SPTSSA,0.6606843
CCKBR,0.6606722
ARG1,0.660665
ARHGAP44,0.66066206
CAMKK1,0.660656
CYFIP1,0.66065544
HMBS,0.6606529
TPD52L1,0.66064996
PRKCG,0.66064775
CMPK1,0.6606472
ZFYVE16,0.66064715
PPP1R12B,0.6606442
CATSPER4,0.6606425
RAB3GAP2,0.6606382
VCL,0.6606362
PDHA1,0.660624
CCNE2,0.66061926
RALB,0.66061765
SCNN1G,0.66061693
CMC4,0.6606082
SPC25,0.6606073
PPP1R12A,0.6606063
DHCR7,0.66060424
MRPL11,0.6606
SGCZ,0.6605991
ST8SIA2,0.6605943
USP1,0.6605917
FDPS,0.6605894
ADAMTS18,0.6605891
LDB1,0.66058856
PLS1,0.66058856
PLEKHA2,0.6605873
DHRS9,0.6605855
GRIA3,0.6605817
FBN2,0.6605809
PLK3,0.66058075
LPIN3,0.6605805
OXA1L,0.66058034
SGCE,0.66057825
MAN1A1,0.66057754
NLRC4,0.6605749
SLC25A28,0.66057336
ITPK1,0.6605732
MRPS25,0.66057307
MRPS23,0.66057307
MRPL12,0.66057026
ASH2L,0.6605675
CHST3,0.66056734
EDC3,0.660567
SLC44A1,0.660565
DDHD2,0.6605642
INPP5K,0.66056246
OAS2,0.66056097
PTPRA,0.66055906
HES7,0.6605585
NLK,0.6605563
NAXE,0.6605555
DGKA,0.66055256
UBIAD1,0.6605499
CEMIP,0.6605485
PLOD2,0.66054446
CASC3,0.6605411
FIG4,0.66053987
CYB5B,0.66053843
NDST1,0.660534
KIRREL3,0.6605322
EXTL3,0.6605315
EIF3A,0.66052884
HLCS,0.66052854
ZP3,0.6605276
TRAPPC1,0.6605264
COPS7B,0.66052395
SCNN1B,0.6605226
PREB,0.660515
UCHL5,0.6605125
IZUMO1,0.6605061
EXTL2,0.6605015
HDAC8,0.66049856
HSD11B2,0.6604969
ZP4,0.6604948
GP1BA,0.6604924
CREB3L4,0.6604917
HRH1,0.6604915
THOC6,0.6604888
PDS5B,0.6604858
GOLGA2,0.66048527
CDK13,0.66048473
MTM1,0.6604833
CTH,0.6604824
MBOAT2,0.6604808
BLVRB,0.6604791
AMOT,0.66047895
VBP1,0.6604786
NT5C1A,0.6604776
TOMM6,0.66047686
CSPG4,0.6604738
FASTK,0.6604704
RBM39,0.66047037
HVCN1,0.66046774
CDO1,0.66046584
CASP10,0.6604627
KIF2A,0.66046154
PNPT1,0.6604614
HSF1,0.66046053
NPFF,0.6604582
PDPN,0.6604515
EIF2S3,0.6604485
ADAM30,0.660448
TRPM3,0.660446
DRAP1,0.66044563
CCT6B,0.6604452
NUP50,0.66044426
HCN2,0.66044384
PPAT,0.6604434
SPRY2,0.66044307
CACNG3,0.66044265
SMARCA5,0.6604421
EME2,0.6604419
MFAP5,0.6604416
SOCS6,0.6604413
RUVBL1,0.660441
RNF139,0.6604389
CEACAM1,0.6604385
BHMT2,0.660438
TLL1,0.6604375
ATP5F1B,0.66043675
PDE3A,0.6604364
TGFBR1,0.66043586
CHPF,0.6604355
FAM20B,0.66043514
SPRED3,0.6604347
SLIT2,0.660434
ADAMTSL2,0.66043204
SLC4A1,0.6604294
PDHA2,0.6604291
LHX4,0.6604288
DGAT2L6,0.66042876
SKIL,0.66042787
MLPH,0.6604269
RPS28,0.66042686
ADAM2,0.6604264
MMP10,0.6604255
SARS2,0.6604233
NT5C,0.66042274
OR51E2,0.6604184
MRPL13,0.6604161
MRPS26,0.6604161
DUOX2,0.66041607
RPL13A,0.66041535
NAPG,0.6604142
XDH,0.6604131
MFN2,0.6604125
STAM2,0.66040903
SYT9,0.66040814
CHST13,0.660408
DNAJB11,0.6604075
KCNJ9,0.6604065
ALKBH2,0.66040635
RBBP4,0.66040486
NUDT9,0.66040474
ATP6V1G2,0.66040266
NT5E,0.6604024
STX17,0.6604012
KCNJ12,0.6604011
KCNJ16,0.6604011
KCNJ4,0.6603994
CACNG2,0.6603987
MT1B,0.6603973
MIS18BP1,0.6603956
PPARGC1A,0.66039324
PNMT,0.66039115
ZP2,0.6603892
MRPL27,0.6603873
WARS2,0.66038376
PLPP1,0.6603811
MT1A,0.66038084
DAGLB,0.660377
CENPC,0.66037536
SLC6A4,0.6603744
ANGPT4,0.6603744
PITX2,0.6603741
UHMK1,0.66037214
FXN,0.6603719
GGT7,0.6603718
TRAK2,0.6603717
CBX8,0.6603662
TUBG2,0.6603662
APOBEC3A,0.6603653
APOBEC1,0.6603621
SEC13,0.6603615
UNG,0.6603594
SRPRA,0.66035557
LTBP4,0.66035503
CCT7,0.66035485
RBFOX2,0.6603528
TAF4,0.66035086
TRPC1,0.6603502
VPS37C,0.6603494
DIO2,0.66034865
TRMT10C,0.66034865
MT1X,0.66034853
PCSK6,0.6603484
ABCB10,0.6603481
SUPT5H,0.660348
SREBF1,0.66034764
SYT7,0.6603476
ABCA7,0.6603474
HRH3,0.6603473
CUL2,0.66034603
GSTM1,0.66034573
ATRIP,0.6603401
DHCR24,0.66033584
LIF,0.6603339
TSPOAP1,0.66033214
PLCG2,0.66033196
SLC25A10,0.66032815
EXTL1,0.66032755
EXT2,0.66032743
GLUL,0.6603269
PEX10,0.6603269
BHLHE22,0.6603269
CALCA,0.6603266
CDH19,0.66032505
TRNT1,0.6603224
NCKAP1,0.6603215
PC,0.66032124
DNAJB6,0.66032076
RPP25,0.66031957
TPM3,0.6603193
MTHFD2,0.6603191
RAB8A,0.6603181
CAMK4,0.66031694
SCCPDH,0.6603164
GRIA4,0.6603161
GRIA1,0.6603158
KIF4B,0.6603146
F13B,0.6603141
GABBR2,0.66031337
NT5C1B,0.66031337
MGLL,0.6603111
CHIA,0.66031027
SIRT2,0.66030943
EPS8L2,0.66030794
LIMK2,0.6603079
UBE2D1,0.6603076
NAMPT,0.66030735
STAM,0.66030616
COPS6,0.66030526
SLCO2B1,0.6603049
CARM1,0.66030467
TDGF1,0.6603013
DUOX1,0.66030115
NR3C1,0.66029865
FABP5,0.6602969
EMILIN1,0.66029644
ABCA3,0.66029567
INHBC,0.660295
NUDT5,0.660295
ATG9A,0.6602942
BUB3,0.6602929
KLHL41,0.66029286
P2RY1,0.6602923
GLRX5,0.66029125
PMVK,0.6602902
UGT2A3,0.6602894
XRCC2,0.66028935
NECTIN4,0.6602874
UGT1A6,0.6602871
NCOA4,0.66028655
FTO,0.6602859
DGKD,0.6602851
COLGALT2,0.6602849
GNMT,0.66028273
RIMS1,0.66028273
CTSV,0.66028243
CENPL,0.6602823
MRPL14,0.6602822
CACNA1H,0.6602821
HEXB,0.6602798
F2RL3,0.66027933
WFDC2,0.6602793
RNF111,0.66027915
PNP,0.6602784
RAPGEF3,0.6602752
HUS1,0.6602726
GSTA3,0.6602724
NUP88,0.6602723
PPP1CC,0.6602706
KCNJ2,0.6602695
CAMKK2,0.66026914
PAX5,0.6602682
IL1F10,0.66026723
ELP5,0.66026473
CCNA1,0.66026413
ABCD2,0.6602638
LDLR,0.66026294
RCC2,0.66026294
POLL,0.66026247
VCAN,0.6602623
NUP188,0.6602601
OAZ3,0.6602593
POLR1E,0.66025925
SULT1C2,0.6602567
SEC24C,0.6602553
AP4B1,0.6602531
RPL21,0.6602502
EMILIN3,0.6602499
CD63,0.6602492
GLYATL3,0.6602487
ATF6,0.66024834
CCR5,0.66024673
MED25,0.6602463
PHKA2,0.6602454
SLC38A1,0.6602453
SEC11A,0.6602443
BCHE,0.66024405
TTLL10,0.66024226
DDX39A,0.66024196
ATP6V1H,0.6602413
IL17RE,0.66024125
TPST1,0.66024107
MPL,0.6602404
TPX2,0.6602382
ANAPC1,0.6602379
YY1,0.6602378
HEYL,0.6602377
COL4A5,0.6602374
TAF1A,0.6602368
ATP6V1E2,0.66023576
STAT4,0.6602352
ISCU,0.6602325
UXS1,0.6602321
EIF4EBP1,0.66022724
GNAT2,0.66022605
QPRT,0.66022533
GNAL,0.6602243
RPL29,0.660224
HPX,0.6602228
MAOA,0.6602224
B4GALT6,0.6602217
ITGA3,0.66022056
CLDN11,0.66022027
TSHB,0.66021895
MT1E,0.6602183
CHP1,0.66021746
MRPL18,0.66021734
KCNJ11,0.6602157
TUBGCP4,0.66021556
ARHGAP27,0.66021526
RTN4R,0.660214
MRPL53,0.6602128
TP53INP1,0.6602115
TFAP2A,0.6602096
MTERF1,0.6602078
YME1L1,0.66020775
TPK1,0.66020715
AAMP,0.66020656
TP53BP1,0.6602059
UBXN1,0.6602057
NTN1,0.6602046
F2R,0.66020375
EVL,0.66020316
SUPT4H1,0.6602031
SUCLG2,0.66020256
WASF1,0.6602009
TMED9,0.6602009
SNTB2,0.6602006
NCOR2,0.6602002
CHCHD4,0.6602001
PPFIA2,0.6601998
LTBP1,0.66019726
RHO,0.6601952
DLX6,0.6601943
L1CAM,0.6601931
ST8SIA5,0.660193
HSPG2,0.6601924
GTF3A,0.6601922
GJA4,0.6601913
DIS3,0.66019124
ADAM19,0.6601895
NUP62,0.6601887
TOPBP1,0.6601887
NEFL,0.6601885
APOA5,0.66018844
MT3,0.66018677
GALM,0.66018635
KCNK3,0.66018444
ANPEP,0.6601844
LOXL3,0.6601831
PROZ,0.6601831
INHA,0.660181
PPP1CB,0.6601788
ABCC9,0.6601778
ABCC8,0.66017777
SRGAP3,0.6601763
FST,0.6601762
PFKP,0.6601758
SLC24A1,0.6601746
RHOG,0.6601741
COPB1,0.66017354
PLCB3,0.66017264
RARG,0.6601726
SPSB1,0.6601715
MLNR,0.6601699
P2RY12,0.6601694
UGT1A7,0.6601693
GYPC,0.66016746
MPDU1,0.66016644
TXK,0.6601663
NDUFV3,0.6601661
FDX2,0.660165
MRM3,0.6601637
IRX1,0.66016126
FGG,0.66016084
GPC6,0.6601604
CACNA1I,0.66016
BDH2,0.66015965
ITGA1,0.66015905
KCNC4,0.66015816
IST1,0.6601566
ARSK,0.6601564
PYGM,0.66015637
CEP135,0.6601563
ALG12,0.66015595
FDX1,0.66015404
UGT3A2,0.6601529
LEMD3,0.66015214
ATP6V1B2,0.66015196
RPS18,0.6601507
AMY2A,0.6601504
PTPN2,0.6601495
CD177,0.66014814
KCNQ4,0.6601474
ACHE,0.66014683
RAB13,0.6601468
ACVR1C,0.6601467
GSS,0.6601459
CCL5,0.6601459
COL8A2,0.6601458
KEL,0.6601458
ITGB8,0.6601449
LCT,0.66014373
CGA,0.66014344
NSUN4,0.6601434
IGLC3,0.66014075
IP6K1,0.6601405
RPL31,0.6601402
MTMR7,0.6601388
KAT6B,0.66013795
RNF130,0.66013736
EHMT2,0.6601361
SRRM1,0.6601357
S1PR5,0.66013515
GABBR1,0.66013473
EIF2B3,0.66013473
BLK,0.6601343
ARL4C,0.6601337
TMED3,0.66013235
MEF2D,0.6601315
HSD17B2,0.66013014
INPP5B,0.6601301
ENO3,0.66012967
GJB4,0.6601285
NSMCE3,0.66012746
SYT10,0.66012645
UBN1,0.6601262
APOM,0.6601253
IPMK,0.66012436
IPPK,0.66012436
GPR83,0.6601232
LAMP2,0.6601216
CAMK2A,0.6601213
GJC1,0.6601212
EFNA3,0.66012037
DCP2,0.66011864
CALCR,0.6601182
RPIA,0.6601182
BTC,0.66011816
MGAT5,0.6601156
FDXR,0.6601153
HSPA1A,0.6601127
GCHFR,0.66011226
UBE2E1,0.66011196
DCN,0.6601115
GSK3A,0.6601105
LHX9,0.6601101
RDH10,0.6601098
SPC24,0.6601094
HAO2,0.6601077
GALNT3,0.6601072
OSM,0.66010594
DSCC1,0.6601054
SPN,0.6601051
UBE2K,0.66010493
FSTL3,0.66010475
ADCY3,0.6601045
PYGB,0.66010255
RLBP1,0.6601015
CNOT7,0.66010064
CASP4,0.66009927
GP9,0.66009784
ANP32A,0.66009724
FASTKD5,0.66009694
LTC4S,0.6600969
PIK3R6,0.66009474
ALDH4A1,0.6600942
ALDH6A1,0.66009367
GTF2H2,0.66009265
EP400,0.6600913
PHF20,0.66009057
KCNN4,0.66009
OR7D4,0.66008943
MIS12,0.6600893
KCNJ8,0.6600888
GNA15,0.660088
DLAT,0.6600875
RPS4Y2,0.6600873
CHRNA1,0.6600872
GPR37,0.66008687
GRB10,0.66008675
KIFAP3,0.66008484
LPL,0.66008395
FGF7,0.66008353
IL1R2,0.66008353
RPTOR,0.6600833
PPP4C,0.6600833
CHMP2A,0.6600831
PAH,0.6600823
GCLC,0.66008216
PMM2,0.6600813
CLDN9,0.66007996
CLDN6,0.6600798
GRK7,0.66007906
NR5A2,0.6600786
MCM5,0.6600762
CD3E,0.6600727
RHNO1,0.6600722
TFB1M,0.6600719
SAMHD1,0.6600717
ILF3,0.66007066
EPM2A,0.66007024
RGCC,0.66006935
PNLIPRP1,0.66006774
CDKN2D,0.6600676
CHRM2,0.66006607
RPA1,0.66006565
CHRNA2,0.66006345
PRKCE,0.6600625
DAG1,0.66006106
LYVE1,0.6600609
PGM1,0.66006047
TFAM,0.66005963
GPI,0.6600573
PARVB,0.66005695
PARVA,0.66005653
PIWIL4,0.6600565
PIGX,0.6600555
MMP20,0.66005504
CA4,0.6600549
AEBP2,0.66005415
RAB33A,0.66005296
POLR2L,0.66005254
INHBA,0.66005224
PLK1,0.6600521
PANK1,0.66005206
EFNA4,0.6600518
CNTN1,0.66005135
LIMS2,0.6600496
MED14,0.6600493
ACVR2B,0.66004616
TRPV6,0.66004604
ATP6V1E1,0.6600459
ITGA8,0.66004544
ANAPC5,0.6600451
TFPT,0.66004497
MMP7,0.6600426
ACTR5,0.6600423
UBE2M,0.6600422
SUMO1,0.66004217
CHRNG,0.66004145
VAMP4,0.6600414
DDX46,0.6600409
HERC2,0.6600403
SLC7A10,0.66003937
GHRH,0.6600375
RAB39B,0.6600375
DVL2,0.6600374
SDCCAG8,0.66003686
PIGT,0.66003615
GP1BB,0.66003543
KCNQ3,0.66003436
COL1A2,0.6600335
MVD,0.66003156
RIT1,0.66003156
PPP3CA,0.660027
CERS1,0.66002643
NSDHL,0.6600255
LAMB2,0.66002524
GYG2,0.6600242
TLN1,0.6600212
NUP98,0.6600209
USH1G,0.66002035
OGDH,0.66002
MGST2,0.6600195
TESK1,0.66001946
SEC61B,0.66001856
METAP1,0.66001785
NRG2,0.66001767
GPC1,0.660017
APOC2,0.660017
HS3ST1,0.66001666
TNFRSF10D,0.6600157
PIGP,0.66001505
ALMS1,0.66001505
CES1,0.660015
STOML2,0.6600129
NUDT19,0.6600129
SLC5A6,0.66001177
TLR2,0.66001123
ALDH5A1,0.6600111
RHOC,0.6600111
CHRNA4,0.6600105
ADAM33,0.66000885
ARHGEF17,0.66000855
CEP76,0.6600082
NFIC,0.6600082
DAAM1,0.6600079
PRKAR2B,0.6600078
TAF9,0.6600073
RBX1,0.6600071
MAEA,0.6600069
TOMM5,0.66000575
PPCDC,0.6600056
CD4,0.6600048
ADCYAP1R1,0.66000473
LPAR6,0.66000366
GNPDA2,0.66000324
PIK3R2,0.6600024
TPH1,0.6600023
CYP2A6,0.66000086
WDR3,0.66
GNS,0.65999854
ABHD6,0.6599978
PIGN,0.6599971
LAMTOR3,0.65999687
RASA1,0.6599968
UGT1A1,0.6599961
FARSB,0.6599953
LEFTY1,0.6599925
ABCD4,0.6599925
ATP6V1A,0.6599914
BABAM1,0.6599904
H2AFX,0.6599894
KLC3,0.6599891
DMAP1,0.6599862
TAB2,0.65998507
TRIM28,0.65998495
CTBP2,0.65998477
FGF3,0.65998334
IFNA14,0.6599833
ATP6V0E1,0.6599823
RPL24,0.6599807
HMGCS2,0.65997994
PRSS2,0.6599795
AHCY,0.6599792
DEFA6,0.65997714
CDCA5,0.65997714
ARID4A,0.659977
TPP1,0.6599764
KLHL9,0.65997624
PLA2G4F,0.659976
PIK3C3,0.65997595
PXN,0.6599738
E2F4,0.65997344
CDC42,0.65997297
TUBA1A,0.65997136
HMGCR,0.6599708
TNS3,0.65997064
CAMK2B,0.65997005
PLXNA2,0.65996903
COL9A2,0.659969
ME2,0.6599688
ADCY7,0.65996724
RHOBTB3,0.65996706
EGR2,0.6599666
FRS2,0.65996593
ITPR2,0.65996593
KIF12,0.65996575
ARHGDIA,0.6599645
DEFB1,0.6599642
CYB5R1,0.659962
PDE6A,0.6599606
RASGRP2,0.6599595
NECAP2,0.6599594
EBP,0.659958
PIAS4,0.65995765
TYROBP,0.65995735
AP2M1,0.6599571
ANAPC10,0.65995616
SCN10A,0.65995616
RPL30,0.6599558
CCT8,0.65995514
EEF1E1,0.65995485
NFYB,0.6599543
MAU2,0.6599539
GALNS,0.6599537
EGFR,0.65995294
TRAPPC11,0.65995175
TLR3,0.659951
KCNB1,0.6599509
GJA3,0.6599497
LIG3,0.65994966
IAPP,0.65994924
PHYH,0.65994924
SHH,0.6599491
MAML1,0.65994865
ADORA3,0.659948
CAMK2G,0.6599469
UBE2D3,0.6599452
ANAPC7,0.6599447
GAL3ST1,0.6599445
AGL,0.65994364
KIF1C,0.6599432
ARRB1,0.6599428
NFS1,0.65994245
RPL36AL,0.65994227
NEU3,0.65994227
LRP2,0.6599396
CD36,0.65993863
UGP2,0.65993845
INSR,0.6599381
HSPA1L,0.6599379
AMY1A,0.6599375
DLL4,0.6599374
KCNA10,0.65993667
SENP1,0.6599356
SHC1,0.6599353
POLM,0.65993524
ITGB1,0.6599351
FURIN,0.6599347
CDKN2B,0.6599341
NR1H3,0.65993303
AVP,0.659932
CDKN1A,0.6599315
PPCS,0.65993065
HSPA9,0.6599296
RPS29,0.65992934
DUSP7,0.6599287
ICOS,0.65992755
PARN,0.659927
GDNF,0.6599256
OPN1LW,0.6599249
ADCY9,0.659924
TH,0.6599238
SFN,0.6599217
DLG2,0.6599211
SRGN,0.65992033
EMG1,0.65992004
VAV3,0.6599182
SKP1,0.65991724
LIN37,0.65991706
AQP1,0.6599164
PF4V1,0.6599163
AGO1,0.6599156
MED15,0.65991455
CETP,0.65991396
PSENEN,0.6599107
CENPP,0.65991026
PSMB6,0.65990865
CTSG,0.6599074
CNOT8,0.6599068
ADRA1D,0.65990585
SLC17A7,0.6599051
BMP7,0.659905
RFC3,0.6599049
RBBP6,0.65990466
PFDN5,0.65990424
RPS4Y1,0.6599036
NEIL2,0.65990186
UBA2,0.6599018
ARHGEF7,0.65990156
TGOLN2,0.65990084
TNRC6A,0.65990067
NEDD4L,0.65989965
CFD,0.65989953
GPIHBP1,0.6598991
CDC26,0.659899
SUMO3,0.65989697
P2RX5,0.65989685
EIF3I,0.65989566
NUP85,0.65989536
SLC27A1,0.65989494
GNG8,0.6598941
SLC25A44,0.65989375
MAN2A2,0.6598935
PPOX,0.65989065
HTR4,0.6598875
TUBAL3,0.65988666
COL4A3,0.6598864
STARD7,0.65988284
ATG12,0.65988266
AP2A2,0.6598819
PRKACG,0.6598813
ANAPC16,0.65988123
SNAI1,0.65988106
SLC2A3,0.659881
EHMT1,0.6598801
GLDC,0.65987945
SLC1A2,0.6598791
ALG10,0.6598791
TLR9,0.6598775
SC5D,0.6598753
CAMKMT,0.65987366
WWP2,0.6598734
SH2B2,0.6598729
BAIAP2,0.65987283
HLA-DRB1,0.659872
PDGFA,0.65987164
IL13,0.6598716
CLASP2,0.65987086
SEM1,0.65986794
HCK,0.6598668
SLC25A17,0.65986496
CTSB,0.6598644
BCKDHA,0.6598636
RAD50,0.6598635
CHRNB2,0.6598625
PIK3R4,0.65986186
KCND2,0.65986097
SI,0.6598594
PIGS,0.65985763
POLR2G,0.65985745
PEX5,0.6598572
HGF,0.6598569
CHRNB3,0.659856
CACNA1A,0.6598544
PPP1R13L,0.6598541
RAP1A,0.65985155
PLPPR2,0.6598509
HES1,0.65985084
FOXP2,0.6598503
SAP30L,0.6598481
PDE10A,0.6598481
TCEA1,0.659846
ST6GALNAC2,0.6598446
TRIM25,0.65984416
MMP3,0.6598436
UBE2D2,0.6598435
HLA-DRB3,0.6598433
KALRN,0.6598426
CHIT1,0.6598422
EIF3L,0.6598395
KCNK4,0.6598393
COX6B1,0.6598393
DIDO1,0.659839
NEK9,0.6598386
SCTR,0.6598359
PDS5A,0.6598355
ABCB8,0.65983534
IQGAP1,0.65983355
UGT1A4,0.6598331
SENP5,0.65983266
COG4,0.6598324
GNA13,0.6598314
FANCA,0.6598275
URM1,0.6598262
BDH1,0.65982586
PIR,0.659824
AMER1,0.6598233
DYSF,0.6598231
SLC26A11,0.65982234
POLR2C,0.65982205
CDH7,0.65982026
CDC25B,0.65982
PIF1,0.65981936
UBE2C,0.65981925
CITED2,0.65981716
HLA-DQA1,0.65981674
UCHL3,0.6598162
KMT5B,0.6598128
CYTH2,0.65981174
SIRT6,0.6598106
ST6GALNAC4,0.6598106
IFITM1,0.65980935
PNLIPRP2,0.6598082
TACR1,0.65980774
DHPS,0.6598072
LRP8,0.6598066
HSD17B4,0.6598064
KCNAB1,0.6598057
CTBP1,0.6598045
RGS9,0.6598033
GJB7,0.659803
TFAP2D,0.659803
CERS5,0.65980273
MMP14,0.6598017
SDC3,0.6598006
SLC22A1,0.65979975
RRP8,0.6597997
ACER1,0.65979815
TBL1X,0.6597978
MRPL45,0.65979725
KPNA2,0.6597955
SMUG1,0.6597948
VAMP2,0.65979177
RHOBTB2,0.6597911
MED27,0.6597908
GRIK2,0.6597905
CBS,0.65978974
HBEGF,0.6597893
KCNJ3,0.65978855
IL1R1,0.65978813
HTR2A,0.6597853
LIN9,0.6597823
HTR1B,0.6597812
GAB1,0.65977895
TAF2,0.6597789
MRPS36,0.65977824
STAG2,0.6597774
GFRA4,0.6597768
SRSF12,0.6597749
TUBA3E,0.6597744
HDAC2,0.6597742
NTF3,0.6597729
MPV17,0.65977275
MAD2L1,0.65977246
ITGA4,0.65977067
NPC1L1,0.6597705
INPPL1,0.65976846
SLC15A3,0.65976495
EFNA2,0.65976435
KCNMA1,0.6597638
KCNIP3,0.6597629
RBL2,0.65976214
CSNK2A1,0.6597621
ATP6V1D,0.6597605
HSD17B12,0.65975916
SSPN,0.65975904
MLH3,0.65975875
HPSE,0.65975857
KCNA3,0.6597577
PIGU,0.65975744
TRIM3,0.65975654
PLIN2,0.6597561
BECN1,0.65975547
METAP2,0.6597554
GCLM,0.65975535
VRK2,0.65975446
PHKG1,0.65975165
ERBB3,0.6597516
TCIRG1,0.6597515
SLC22A3,0.65975124
KDM1A,0.65975106
ECE1,0.65975004
CSNK2A2,0.6597498
STAT5A,0.6597496
DYNC1H1,0.659749
NUMB,0.6597484
PTPN5,0.6597473
ADAM15,0.65974724
PARD6A,0.65974724
IL2RB,0.659747
EREG,0.6597467
SUV39H1,0.65974605
GMNN,0.65974563
MRPL33,0.6597438
PHYKPL,0.65974283
ARPC2,0.65974253
LOXL1,0.6597424
RALA,0.65974224
POLR3GL,0.65974206
MCM10,0.65973985
SPOPL,0.6597393
TOP3A,0.65973926
LUM,0.6597389
IFNA8,0.65973884
KCNK16,0.6597387
POLR2I,0.6597384
CDK12,0.6597363
ACSM2B,0.65973604
GAST,0.6597359
CX3CR1,0.6597356
RHOT1,0.6597355
MUC3A,0.6597354
WRN,0.65973043
ANAPC15,0.6597301
CCNB1,0.65973
ASNS,0.65972996
VRK1,0.6597284
DCK,0.6597282
AIMP1,0.65972793
NUDC,0.6597277
RPS11,0.6597275
PDK2,0.6597265
NOP2,0.65972626
MTA1,0.6597256
PRDM8,0.6597246
BCAR1,0.6597239
C1QBP,0.6597234
PELI2,0.659722
PELI3,0.6597201
CLPS,0.65971607
LIN7C,0.6597159
TRPC3,0.6597159
LEP,0.6597148
SPCS1,0.65970963
TRAPPC2,0.6597089
HCRT,0.6597088
KCNF1,0.6597083
DEFB4A,0.65970826
ADCY5,0.6597081
KCNMB1,0.6597077
KCNG1,0.65970737
FUCA1,0.65970707
TLR1,0.65970695
DNASE2,0.65970635
TUBB2A,0.65970474
ICMT,0.6597043
SERPINE1,0.6597032
GNG2,0.65970236
PRKACB,0.65970206
SYNE1,0.65970117
CENPI,0.65969914
FUT8,0.6596972
TNIP2,0.6596971
TAS2R5,0.65969646
PSMA7,0.6596955
MAPK14,0.6596932
STARD3NL,0.65969265
FADS1,0.6596922
DEFB121,0.6596916
AQR,0.65968955
CMC2,0.6596894
SOX10,0.6596888
CXCL2,0.65968835
HDAC4,0.65968835
GLB1L,0.65968734
PTTG1,0.6596866
KRT83,0.6596865
OCRL,0.6596864
CLTB,0.6596833
IFNG,0.6596833
YBX1,0.6596825
NEU4,0.65968233
COQ2,0.6596816
RPS4X,0.6596809
KIFC2,0.6596754
CALM1,0.6596752
NPY2R,0.65967345
RPS12,0.6596729
MYO3B,0.6596727
SLC27A5,0.65967155
SLC51A,0.65967155
NID2,0.65967137
MAG,0.65967077
CXCL12,0.65967053
MAP3K8,0.65967035
FOXG1,0.65967023
GAB2,0.6596697
TRAF2,0.6596692
COQ9,0.65966916
GPHN,0.65966785
ABLIM3,0.65966785
ZWILCH,0.6596677
IL2RG,0.65966743
ITGA10,0.6596674
GYS1,0.6596665
ADRM1,0.65966636
KL,0.65966576
COL20A1,0.65966433
MAPK11,0.6596639
PTGER3,0.6596635
TCF7,0.65966344
COPB2,0.659662
ZNF830,0.65966195
SLC51B,0.65966153
HLA-DPA1,0.6596609
KLC2,0.6596586
NCOA6,0.65965796
UCP1,0.65965647
COL11A1,0.65965635
RASGRF2,0.65965635
DST,0.6596551
AQP10,0.6596531
KCNK17,0.6596502
FGA,0.6596496
KIF2B,0.6596493
TIAM1,0.65964913
DLL1,0.6596488
SMARCC2,0.6596485
CD3D,0.65964836
B4GALT2,0.6596481
UBE2V1,0.6596481
GNG12,0.6596474
KCNMB4,0.65964717
BRPF3,0.6596466
RAP1B,0.6596456
YAP1,0.6596452
PSMA5,0.6596411
KLRD1,0.6596404
LDHA,0.6596396
BRF1,0.6596391
PINK1,0.65963787
PLA2G4A,0.65963733
WNK1,0.65963566
RPS15A,0.6596347
POLR2H,0.659631
RAB6A,0.65962994
SEMA4D,0.65962994
P2RY13,0.6596285
ARPC4,0.659628
SYT1,0.6596276
ACTG1,0.6596275
PRSS1,0.6596264
SLC26A2,0.6596252
CDC16,0.6596223
BGLAP,0.6596214
SARM1,0.6596208
GTF2F2,0.6596206
UBC,0.65961903
GMPR2,0.6596175
WNT2,0.6596157
FGF22,0.6596144
ATP6AP1,0.6596137
COL8A1,0.6596131
IRAK2,0.65961295
GUCY2D,0.65961295
ELANE,0.6596113
DDX41,0.65961117
SRI,0.65961015
PGAP1,0.6596095
GLS,0.6596072
GJD3,0.65960634
MUC6,0.6596056
ACD,0.65960526
GNG10,0.65960497
DRD1,0.65960443
PRKRIP1,0.65960443
TREX1,0.6596037
EVC,0.65960246
RPS3A,0.6596012
TAC1,0.65959686
MAPKAPK3,0.6595968
COL4A1,0.659595
PIGV,0.659594
PSMB4,0.65959334
ACOX3,0.6595928
OSBPL1A,0.65959203
PSMA6,0.6595911
FGB,0.6595908
TNXB,0.659589
FTL,0.6595888
COL9A3,0.6595881
CRH,0.65958494
ELOVL2,0.65958476
GID8,0.65958303
RGS1,0.65958244
RANBP9,0.659582
LCK,0.65958154
AQP4,0.6595808
SMURF1,0.65958065
UCP2,0.65957606
HSBP1,0.65957576
TYSND1,0.6595757
RASGRF1,0.65957487
GNG3,0.6595724
GLP1R,0.65957123
PIP4K2B,0.65957105
IKBIP,0.65957046
NCALD,0.65957046
VWF,0.65957034
FOXD3,0.6595698
GEMIN5,0.6595697
APRT,0.65956914
ATP2B1,0.65956885
CDK9,0.65956783
CDON,0.65956724
ITSN1,0.65956557
PTS,0.65956336
PIGG,0.65956235
ACAD8,0.6595621
TOMM40,0.6595608
DUSP6,0.65955925
ITGB4,0.6595577
ARL6IP5,0.65955746
PTGER2,0.65955466
BCKDK,0.6595545
TPH2,0.65955424
GNAI3,0.6595533
GRIN1,0.6595526
NTRK2,0.6595522
EIF4G1,0.6595503
ATN1,0.65954906
NHP2,0.65954816
ERBB2,0.6595462
TANK,0.6595449
ACOT11,0.6595445
SLC46A1,0.6595443
IL23A,0.6595372
ADRB2,0.6595356
RAD51D,0.6595352
CDC23,0.659531
FLRT3,0.6595308
SIGIRR,0.6595306
GRAP2,0.65952975
CNTFR,0.6595295
TGIF2,0.6595294
MPI,0.6595289
RPE,0.65952843
EIF4E,0.65952814
TBC1D2,0.6595275
ANGPTL3,0.6595268
ARAP1,0.65952617
ATP6V0B,0.65952456
INO80B,0.65952325
CTR9,0.65952325
TFDP1,0.65952057
AMT,0.6595186
GBA2,0.65951836
LTB4R,0.65951675
RFC5,0.65951514
RPS7,0.6595135
AKAP1,0.65951306
SLC38A2,0.6595129
MATK,0.6595117
RPS6KA1,0.6595106
TF,0.6595105
GAR1,0.6595089
KRT33A,0.6595087
CH25H,0.6595067
PSMB7,0.6595057
PRC1,0.6595046
SLC7A7,0.65950406
COL4A6,0.65950376
DHX9,0.659501
DEFA1,0.6595004
P2RY14,0.6595
ENPEP,0.65949917
CREB3L3,0.65949893
EVC2,0.6594953
ACOX1,0.65949285
MAN1B1,0.6594907
MRE11,0.65948874
ABR,0.6594843
COL23A1,0.65948385
PGD,0.65948147
DPP4,0.6594798
RBL1,0.65947926
RAB9A,0.6594791
AMPD1,0.6594772
PMPCB,0.65947604
STUB1,0.65947556
IER3,0.65947515
RAD51AP1,0.6594748
DBF4,0.6594741
SLC25A16,0.65947396
MYH10,0.6594726
PIGF,0.6594722
MND1,0.65947056
RRAS,0.6594704
COL7A1,0.65946627
GLI2,0.6594657
KCNK18,0.65946496
NCF4,0.6594638
CD38,0.6594604
DDB1,0.6594587
KLB,0.6594586
MID1,0.6594563
ZIC3,0.6594555
UNC13B,0.6594552
DUSP3,0.6594545
CLVS2,0.65945417
OGT,0.65945405
USP18,0.65945125
IGHG1,0.6594506
BCAN,0.6594505
KRT4,0.65945
MAPK13,0.6594499
RPA2,0.6594498
MYOG,0.6594485
ADRA2B,0.65944827
FCGR3A,0.65944517
ELOVL3,0.6594423
AP1M2,0.6594418
CMA1,0.6594413
SIN3A,0.6594404
PTPN11,0.6594403
PGM2,0.6594393
RNF185,0.6594382
TOMM20,0.6594375
BLOC1S6,0.65943533
BICD1,0.6594343
HHIP,0.6594247
RBCK1,0.6594246
NOTCH4,0.65942174
ACTN4,0.6594215
PDP1,0.6594201
B3GAT3,0.65941954
MAD2L2,0.6594139
TUBB3,0.65941167
POLD2,0.65940964
PSMB10,0.65940815
AADAT,0.65940803
PTGES2,0.6594073
USP4,0.6594072
TUBB2B,0.6594059
MTA3,0.6594038
AP1M1,0.65940315
GCDH,0.65940315
FXYD3,0.6594022
LTB4R2,0.65940213
BBS9,0.65939796
USE1,0.6593979
B4GALT7,0.6593968
SDCBP,0.659396
CMAS,0.6593929
SAP130,0.65939254
SYNJ1,0.6593924
CAPZA3,0.65939176
FBXW11,0.6593906
SPPL2B,0.65939033
RPL6,0.659386
IL9R,0.6593857
COL5A1,0.65938514
PTGFR,0.6593832
ICAM3,0.6593829
GPC4,0.6593818
POLA1,0.6593818
MYO1C,0.6593809
ATF2,0.6593805
F9,0.65937996
GNG11,0.6593794
C3,0.6593794
LYRM4,0.6593782
WDR26,0.6593761
SUGP1,0.6593735
GRIK3,0.659371
B4GALNT2,0.65936995
GNA14,0.65936846
EDEM3,0.65936434
PDCD1,0.6593626
PALB2,0.6593618
MAPK3,0.6593602
PSMA1,0.65935946
MAP2K2,0.6593547
KIFC1,0.6593535
TNFSF10,0.65935266
S100A9,0.65935135
ACAT1,0.65935093
AQP9,0.65934944
GABRA2,0.6593472
CTLA4,0.65934545
PSMB3,0.6593438
ADRA2A,0.6593418
PDIA3,0.65934056
TTYH3,0.65933985
PPP2R1B,0.65933603
ACADVL,0.65933365
RGS17,0.6593333
ACBD6,0.6593328
ALG13,0.65933245
GNB4,0.65933096
P2RX2,0.6593298
ACTN2,0.6593265
TRIM4,0.659324
HEY2,0.6593239
SDHAF3,0.65932053
RAB7B,0.65932006
CUTC,0.6593166
CDC45,0.6593144
ORC4,0.6593135
GLI3,0.65930855
DNAJC6,0.6593072
STAB2,0.65930545
S100A12,0.65930307
WDR75,0.6593008
CDK5R1,0.659299
GNB3,0.6592959
THEM5,0.65929353
SOD3,0.65929335
HIF3A,0.65929186
PSMC3,0.6592904
GNB2,0.65928924
PDE2A,0.6592888
GDA,0.6592879
GNAS,0.6592866
TRADD,0.65928596
PSMD12,0.65928584
SEMA4A,0.6592854
DGKI,0.6592852
MIB2,0.6592838
PRKCD,0.6592836
SPTAN1,0.65928245
PTGER4,0.6592793
HLA-DPB1,0.6592785
PIGY,0.6592784
ZNF217,0.6592773
RAB3A,0.65927714
DUSP4,0.6592769
PSMD13,0.659276
ROCK1,0.65927577
TACR2,0.65927297
WASL,0.6592705
RTEL1,0.65926987
RAB43,0.65926903
RMI1,0.65926373
DOCK3,0.65926355
IDI1,0.6592606
BLVRA,0.6592606
MAGED1,0.65926033
CD47,0.65926015
BCO1,0.65925795
NPY,0.6592527
NR5A1,0.6592519
ANGPTL4,0.6592506
CHD9,0.65924937
KIF16B,0.65924776
TAAR9,0.6592476
TAB3,0.6592472
PSMC4,0.6592457
EMD,0.6592452
IL11,0.6592439
AGXT2,0.6592428
YES1,0.65923816
ELMO2,0.6592381
FGF17,0.65923786
ANGPT2,0.65923786
PSMD11,0.65923774
PECR,0.65923655
SHKBP1,0.6592362
MBD3,0.6592345
ACOT4,0.65923303
SLA2,0.6592317
TFR2,0.65923107
GJB1,0.65922976
PRKAA1,0.6592291
RPS27A,0.65922517
AHR,0.6592246
MEF2C,0.6592226
SLC30A8,0.6592219
SCARA5,0.65921974
DSG3,0.6592192
CUL3,0.6592171
FGF1,0.6592159
GIPC1,0.6592155
MCM8,0.659214
ITGA2B,0.65921044
EPHX2,0.6592093
PAK2,0.6592077
FNTA,0.65920246
FGF18,0.6591992
VCP,0.6591982
BAG1,0.6591976
ELF3,0.6591965
HPGD,0.6591935
DEPDC1B,0.65919197
ARHGEF40,0.65919137
GAPDH,0.6591884
CYP26A1,0.65918785
RRAGB,0.65918773
ALDOB,0.65918773
ARHGDIG,0.6591871
PPP2CA,0.6591869
HAS1,0.65918565
GINS2,0.6591855
CYP27A1,0.6591803
ABCA1,0.65917975
GAA,0.65917903
FMO1,0.6591782
SRF,0.65917677
ORC3,0.6591765
NXF1,0.65917486
GSC,0.6591747
TRIM56,0.6591744
SLC9A1,0.6591714
MAPK10,0.6591691
RPS13,0.6591668
KRT33B,0.6591667
NKX2-2,0.6591656
PSMD8,0.65916544
ONECUT3,0.6591649
PMF1,0.6591645
MED4,0.6591636
MAD1L1,0.6591618
CFLAR,0.6591605
OMG,0.65916026
PSMA3,0.65916014
SOCS3,0.65915984
CAB39L,0.6591576
CHD3,0.65915734
MRPL24,0.6591557
CLDN14,0.6591534
GZMB,0.6591531
CBX3,0.6591522
PSMC6,0.6591502
SLC47A1,0.65914744
NCSTN,0.6591472
ALDH3A2,0.6591472
GJA1,0.65914434
ORC6,0.6591442
EIF2AK2,0.65914035
STAG3,0.6591399
STXBP1,0.6591391
PPFIA4,0.6591349
CYP39A1,0.65913475
KIF2C,0.6591337
ANXA6,0.6591333
CABIN1,0.65913314
LCAT,0.6591319
MMAA,0.6591305
DGKE,0.65912765
TICAM1,0.6591273
PSMD3,0.6591257
BID,0.6591237
SLC6A6,0.65912026
ELOVL5,0.65911704
MLST8,0.65911555
GPR143,0.65911543
KRT39,0.6591151
SLCO3A1,0.6591124
PSMD6,0.65911186
FGF10,0.6591083
ACSF2,0.6591069
JAK1,0.6591068
AVEN,0.6591052
LRP10,0.6591044
DLD,0.65910405
PGLS,0.65910393
SLC39A8,0.65910167
KRT76,0.6591013
OBSCN,0.65909874
FGD1,0.6590976
CASP7,0.6590974
SRXN1,0.6590961
SLC7A1,0.6590955
CRADD,0.6590923
QRFPR,0.6590889
DNM1,0.65908635
IL13RA1,0.65908474
NR6A1,0.6590787
SLC2A14,0.65907514
NCBP2,0.659074
RPL9,0.6590732
NAA35,0.65907204
AHRR,0.6590682
NFKBIB,0.65906745
COQ10A,0.6590669
RASGRP1,0.6590653
CYP2C19,0.6590648
DPYS,0.65906376
TXNIP,0.6590614
PRPS1,0.65905744
DGKZ,0.6590539
HIP1R,0.6590535
MRPL20,0.6590513
RPS9,0.6590507
TBC1D1,0.6590502
DCTN2,0.65904874
PDE6B,0.65904766
ENTPD3,0.65904623
ATP5MF,0.65903693
ITPA,0.6590363
PPP2R5C,0.65903497
HLA-E,0.6590347
TFDP2,0.6590342
ATP1B2,0.6590336
GAK,0.65903145
CCNH,0.65903074
AQP2,0.65903026
CSGALNACT1,0.65902823
FXYD1,0.6590263
KIF18A,0.65902156
IFNB1,0.6590215
TJP2,0.6590209
IL1RL2,0.65901726
GAD2,0.65901464
ABCC3,0.65901405
ALPI,0.6590121
NEU2,0.65901136
MCOLN2,0.6590105
APOC1,0.65901
WNT3,0.659009
OPTN,0.6590086
ABI2,0.65900815
COQ7,0.6590079
ACAA1,0.6590076
PARG,0.659007
HLA-DQB1,0.65900475
FGD2,0.6590038
PYGO2,0.65900147
SLC5A1,0.6589953
ZNF547,0.6589948
COX10,0.65899354
TCF7L1,0.65899336
ELK1,0.6589909
PTGIR,0.6589893
ZDHHC21,0.65898794
ACTL6A,0.6589877
DOCK2,0.6589846
MBTPS2,0.65898365
EDN3,0.65898174
CYP8B1,0.6589797
KIF1B,0.658976
HSPA8,0.6589751
APOA1,0.65896827
MUC15,0.65896815
DYNLL1,0.6589659
CYCS,0.6589527
RPS24,0.6589509
MUC7,0.65894794
NLRC5,0.6589425
DRD2,0.658935
COL16A1,0.6589341
CAD,0.6589332
TACC3,0.65893143
SLC22A16,0.6589254
JUNB,0.65892047
RAB18,0.65891886
POLD4,0.6589153
APOD,0.6589131
ZNF385A,0.65891254
CHSY1,0.6589123
IRF8,0.6589075
SLC35A1,0.6589062
SLC25A14,0.6589055
MAPK7,0.6589035
CHSY3,0.65889996
COG1,0.65889966
FZD4,0.6588992
ACOX2,0.65889585
SPTBN4,0.65889466
LRP1,0.65888804
PKN1,0.6588823
TTC21B,0.6588778
EPB41L2,0.6588772
HLA-G,0.65887654
APOH,0.65887284
RGR,0.65887165
ALAS2,0.65887105
LARS2,0.6588673
KCNIP4,0.65886515
APOB,0.65886503
SYN1,0.6588646
FYN,0.6588626
TFAP2C,0.65885913
CD8B,0.6588544
SULT2B1,0.65885377
VTN,0.65885204
SIKE1,0.6588488
GAD1,0.6588472
NAA38,0.6588462
IL15RA,0.6588427
RPS20,0.65884197
ARSA,0.6588411
BMX,0.65883785
IMPDH1,0.6588345
GSTM4,0.6588345
SLC25A27,0.6588287
SRGAP2,0.6588273
CTSZ,0.6588244
SLC39A14,0.65882117
SEMA3E,0.65881443
RPS26,0.65881425
APOA4,0.6588131
CLEC1B,0.6588107
DHODH,0.65880466
REPS2,0.658799
ENTPD8,0.658798
AIM2,0.6587965
IFNA4,0.6587874
ARSB,0.6587861
COPG1,0.65878385
FABP1,0.65878195
ZNF420,0.6587817
SLC34A1,0.65877545
BBC3,0.6587749
SLC22A12,0.6587717
ZNF331,0.65877163
CAPZA1,0.6587709
ABCB11,0.6587697
PPP3R1,0.65876436
CYP3A5,0.65876406
ARAP3,0.6587629
MOGS,0.6587615
SLC35C1,0.65875876
RPS15,0.65875787
SLC39A7,0.65875715
STRADA,0.65875524
LPAR4,0.65875465
PRKD1,0.65875185
RPLP0,0.6587516
ZNF816,0.6587499
SH3GL3,0.65874904
SLC35A3,0.658744
TRPM6,0.65873957
COPS3,0.6587299
MED20,0.65872777
LSS,0.6587247
CNIH2,0.6587196
IRX2,0.6587168
GRM4,0.6587103
MICU1,0.65870893
SNRPF,0.6587062
LDHC,0.65870035
SLA,0.658694
SLC20A1,0.65868956
AK5,0.65868825
MED10,0.65868586
RING1,0.65868384
ENTPD6,0.65867794
TKT,0.6586776
NANOG,0.6586754
COL10A1,0.65867186
TNFSF13B,0.6586712
BDNF,0.6586711
ATP8B1,0.65866756
EEF2,0.6586662
PODXL2,0.6586654
FADD,0.65865993
SLC8A3,0.65865076
FLOT1,0.6586496
ARFGAP2,0.65864736
CYP3A4,0.6586472
C4B,0.6586436
KPNB1,0.65863794
NOD1,0.65861964
AKR1C2,0.6586191
BMP1,0.6586157
CP,0.65861523
COPZ1,0.65861475
EXOSC9,0.658613
DCP1A,0.6586065
CARD8,0.658603
RPL26L1,0.6585991
KIF20A,0.6585925
ST3GAL1,0.65858924
MCU,0.65858203
KRT32,0.65858054
SNW1,0.65857786
RPS6KB1,0.65857345
NADSYN1,0.6585687
ARFGAP1,0.6585684
SLC39A3,0.65856105
EPN2,0.6585577
MOCS1,0.65855694
SLC30A3,0.65855277
SLC16A2,0.65854704
IL6R,0.6585363
SLC29A3,0.65853256
LCN1,0.6585315
MRPS6,0.6585311
MAOB,0.6585306
ATP6V0E2,0.6585267
PREX1,0.6585263
GPAA1,0.6585225
PLXNA1,0.6585212
AVPR1A,0.6585178
DPM3,0.6585138
IGKV3-20,0.6585119
GHRHR,0.65851086
UPP1,0.65850955
PIGL,0.6585089
ATP1B1,0.65850604
NLRC3,0.65850544
PHC2,0.6585006
PTGDR2,0.65849096
SLC39A1,0.65849054
NOD2,0.65848243
CHRM3,0.65846413
KRT10,0.6584588
NRG3,0.6584576
KLHL13,0.6584551
YWHAB,0.658452
APOA2,0.65843827
MRC1,0.65843636
GRIK4,0.6584347
VAMP3,0.65843236
MDK,0.6584322
MPHOSPH8,0.6584257
NAB1,0.65842
SLC22A7,0.658415
WHAMM,0.65839326
RHPN2,0.6583904
TAF5,0.6583794
RRN3,0.65837693
SLC22A6,0.6583685
ARCN1,0.65836084
ALOX5AP,0.6583511
CYP7B1,0.6583396
ALOX15,0.65833205
SEPT4,0.6583196
KLF5,0.6583172
ALOX12,0.6583063
APAF1,0.6582854
COQ6,0.6582428
TRA2B,0.65823257
CTPS2,0.65822875
TEAD3,0.65822273
AASS,0.6582099
NUDT7,0.65820163
SLC25A5,0.6581944
CD80,0.6581832
STS,0.6581776
RCCD1,0.65817565
SLC30A1,0.65815294
CEP192,0.6581491
PAPSS2,0.65814066
CYP2C9,0.6581319
SLC29A2,0.6581153
GART,0.65809405
TNFRSF1A,0.6580902
NMT2,0.6580748
SMARCA2,0.65806824
ADK,0.65805876
GATAD2B,0.6580534
KDM8,0.6580468
POLI,0.6580287
ADSS,0.6580155
GALNT2,0.65801245
SUMF2,0.65800947
WNT3A,0.65795964
RAB5A,0.65795046
PAX6,0.65792865
GLRX,0.65792716
LGALS1,0.6579157
MBL2,0.65785676
FCN2,0.6574324
